SPAC1002.01	SPBC106.01	SPCC1020.01c	SPMIT.01
SPAC1002.02	SPBC106.02c	SPCC1020.02	SPMIT.02
SPAC1002.03c	SPBC106.03	SPCC1020.03	SPMIT.03
SPAC1002.04c	SPBC106.04	SPCC1020.04c	SPMIT.04
SPAC1002.05c	SPBC106.05c	SPCC1020.05	SPMIT.05
SPAC1002.06c	SPBC106.06	SPCC1020.06c	SPMIT.06
SPAC1002.07c	SPBC106.07c	SPCC1020.07	SPMIT.07
SPAC1002.08c	SPBC106.08c	SPCC1020.08	SPMIT.08
SPAC1002.09c	SPBC106.09	SPCC1020.09	SPMIT.09
SPAC1002.10c	SPBC106.10	SPCC1020.10	SPMIT.10
SPAC1002.11	SPBC106.11c	SPCC1020.11c	SPMIT.11
SPAC1002.12c	SPBC106.12c	SPCC1020.12c	SPMTR.01
SPAC1002.13c	SPBC106.13	SPCC1020.13c	SPMTR.02
SPAC1002.14	SPBC106.14c	SPCC1020.14	
SPAC1002.15c	SPBC106.15	SPCC10H11.01	
SPAC1002.16c	SPBC106.16	SPCC10H11.02	
SPAC1002.17c	SPBC106.17c	SPCC1183.01	
SPAC1002.18	SPBC106.18	SPCC1183.02	
SPAC1002.19	SPBC106.19	SPCC1183.03c	
SPAC1002.20	SPBC106.20	SPCC1183.04c	
SPAC1006.01	SPBC1105.01	SPCC1183.05c	
SPAC1006.02	SPBC1105.02c	SPCC1183.06	
SPAC1006.03c	SPBC1105.03c	SPCC1183.07	
SPAC1006.04c	SPBC1105.04c	SPCC1183.08c	
SPAC1006.05c	SPBC1105.05	SPCC1183.09c	
SPAC1006.06	SPBC1105.06	SPCC1183.10	
SPAC1006.07	SPBC1105.07c	SPCC1183.11	
SPAC1006.08	SPBC1105.08	SPCC1183.12	
SPAC1006.09	SPBC1105.09	SPCC11E10.01	
SPAC1039.01	SPBC1105.10	SPCC11E10.02c	
SPAC1039.02	SPBC1105.11c	SPCC11E10.03	
SPAC1039.03	SPBC1105.12	SPCC11E10.04	
SPAC1039.04	SPBC1105.13c	SPCC11E10.05c	
SPAC1039.05c	SPBC1105.14	SPCC11E10.06c	
SPAC1039.06	SPBC1105.15c	SPCC11E10.07c	
SPAC1039.07c	SPBC1105.16c	SPCC11E10.08	
SPAC1039.08	SPBC1105.17	SPCC11E10.09c	
SPAC1039.09	SPBC1105.18c	SPCC1223.01	
SPAC1039.10	SPBC1105.19	SPCC1223.02	
SPAC1039.11c	SPBC115.01c	SPCC1223.03c	
SPAC105.01c	SPBC115.02c	SPCC1223.04c	
SPAC105.02c	SPBC115.03	SPCC1223.05c	
SPAC105.03c	SPBC119.01	SPCC1223.06	
SPAC1071.01c	SPBC119.02	SPCC1223.07c	
SPAC1071.02	SPBC119.03	SPCC1223.08c	
SPAC1071.03c	SPBC119.04	SPCC1223.09	
SPAC1071.04c	SPBC119.05c	SPCC1223.10c	
SPAC1071.05	SPBC119.06	SPCC1223.11	
SPAC1071.06	SPBC119.07	SPCC1223.12c	
SPAC1071.07c	SPBC119.08	SPCC1223.13	
SPAC1071.08	SPBC119.09c	SPCC1223.14	
SPAC1071.09c	SPBC119.10	SPCC1223.15c	
SPAC1071.10c	SPBC119.11c	SPCC1235.01	
SPAC1071.11	SPBC119.12	SPCC1235.02	
SPAC1071.12c	SPBC119.13c	SPCC1235.03	
SPAC1071.13	SPBC119.14	SPCC1235.04c	
SPAC1093.01	SPBC119.15	SPCC1235.05c	
SPAC1093.02	SPBC119.16c	SPCC1235.06	
SPAC1093.03	SPBC119.17	SPCC1235.07	
SPAC1093.04c	SPBC119.18	SPCC1235.08c	
SPAC1093.05	SPBC1198.01	SPCC1235.09	
SPAC1093.06c	SPBC1198.02	SPCC1235.10c	
SPAC1093.07	SPBC1198.03c	SPCC1235.11	
SPAC10F6.01c	SPBC1198.04c	SPCC1235.12c	
SPAC10F6.02c	SPBC1198.05	SPCC1235.13	
SPAC10F6.03c	SPBC1198.06c	SPCC1235.14	
SPAC10F6.04	SPBC1198.07c	SPCC1235.15	
SPAC10F6.05c	SPBC1198.08	SPCC1235.16	
SPAC10F6.06	SPBC1198.09	SPCC1235.17	
SPAC10F6.07c	SPBC1198.10c	SPCC1235.18	
SPAC10F6.08c	SPBC1198.11c	SPCC1259.01c	
SPAC10F6.09c	SPBC1198.12	SPCC1259.02c	
SPAC10F6.10	SPBC1198.13c	SPCC1259.03	
SPAC10F6.11c	SPBC1198.14c	SPCC1259.04	
SPAC10F6.12c	SPBC11B10.01	SPCC1259.05c	
SPAC10F6.13c	SPBC11B10.02c	SPCC1259.06	
SPAC10F6.14c	SPBC11B10.03	SPCC1259.07	
SPAC10F6.15	SPBC11B10.04c	SPCC1259.08	
SPAC10F6.16	SPBC11B10.05c	SPCC1259.09c	
SPAC10F6.17c	SPBC11B10.06	SPCC1259.10	
SPAC110.01	SPBC11B10.07c	SPCC1259.11c	
SPAC110.02	SPBC11B10.08	SPCC1259.12c	
SPAC110.03	SPBC11B10.09	SPCC1259.13	
SPAC110.04c	SPBC11B10.10c	SPCC1259.14c	
SPAC110.06	SPBC11C11.01	SPCC1259.15c	
SPAC1142.01	SPBC11C11.02	SPCC1259.16	
SPAC1142.02c	SPBC11C11.03	SPCC126.01c	
SPAC1142.03c	SPBC11C11.04c	SPCC126.02c	
SPAC1142.04	SPBC11C11.05	SPCC126.03	
SPAC1142.05	SPBC11C11.06c	SPCC126.04c	
SPAC1142.06	SPBC11C11.07	SPCC126.05c	
SPAC1142.07c	SPBC11C11.08	SPCC126.06	
SPAC1142.08	SPBC11C11.09c	SPCC126.07c	
SPAC1142.09	SPBC11C11.10	SPCC126.08c	
SPAC11D3.01c	SPBC11C11.11c	SPCC126.09	
SPAC11D3.02c	SPBC11G11.01	SPCC126.10	
SPAC11D3.03c	SPBC11G11.02c	SPCC126.11c	
SPAC11D3.04c	SPBC11G11.03	SPCC126.12	
SPAC11D3.05	SPBC11G11.04	SPCC126.13c	
SPAC11D3.06	SPBC11G11.05	SPCC126.14	
SPAC11D3.07c	SPBC11G11.06c	SPCC126.15c	
SPAC11D3.08c	SPBC11G11.07	SPCC1281.01	
SPAC11D3.09	SPBC1215.01	SPCC1281.02c	
SPAC11D3.10	SPBC1215.02c	SPCC1281.03c	
SPAC11D3.11c	SPBC1271.01c	SPCC1281.04	
SPAC11D3.13	SPBC1271.02	SPCC1281.05	
SPAC11D3.14c	SPBC1271.03c	SPCC1281.06c	
SPAC11D3.15	SPBC1271.04c	SPCC1281.07c	
SPAC11D3.16c	SPBC1271.05c	SPCC1281.08	
SPAC11D3.17	SPBC1271.06c	SPCC132.01c	
SPAC11D3.18c	SPBC1271.07c	SPCC132.02	
SPAC11D3.19	SPBC1271.08c	SPCC132.03	
SPAC11D3.20	SPBC1271.09	SPCC132.04c	
SPAC11E3.01c	SPBC1271.10c	SPCC132.05c	
SPAC11E3.02c	SPBC1271.11	SPCC1322.01	
SPAC11E3.03	SPBC1271.12	SPCC1322.02	
SPAC11E3.04c	SPBC1271.13	SPCC1322.03	
SPAC11E3.05	SPBC1271.14	SPCC1322.04	
SPAC11E3.06	SPBC1271.15c	SPCC1322.05c	
SPAC11E3.07	SPBC1289.01c	SPCC1322.06	
SPAC11E3.08c	SPBC1289.02c	SPCC1322.07c	
SPAC11E3.09	SPBC1289.03c	SPCC1322.08	
SPAC11E3.10	SPBC1289.04c	SPCC1322.09	
SPAC11E3.11c	SPBC1289.05c	SPCC1322.10	
SPAC11E3.12	SPBC1289.06c	SPCC1322.11	
SPAC11E3.13c	SPBC1289.07c	SPCC1322.12c	
SPAC11E3.14	SPBC1289.08	SPCC1322.13	
SPAC11E3.15	SPBC1289.09	SPCC1322.14c	
SPAC11G7.01	SPBC1289.10c	SPCC1322.15	
SPAC11G7.02	SPBC1289.11	SPCC1322.16	
SPAC11G7.03	SPBC1289.12	SPCC1393.02c	
SPAC11G7.04	SPBC1289.13c	SPCC1393.03	
SPAC11G7.05c	SPBC1289.14	SPCC1393.04	
SPAC11G7.06c	SPBC1289.15	SPCC1393.05	
SPAC11H11.01	SPBC1289.16c	SPCC1393.06c	
SPAC11H11.02c	SPBC1289.17	SPCC1393.07c	
SPAC11H11.03c	SPBC12C2.01c	SPCC1393.08	
SPAC11H11.04	SPBC12C2.02c	SPCC1393.09c	
SPAC11H11.05c	SPBC12C2.03c	SPCC1393.10	
SPAC11H11.06	SPBC12C2.04	SPCC1393.11	
SPAC1250.01	SPBC12C2.05c	SPCC1393.12	
SPAC1250.02	SPBC12C2.06	SPCC1393.13	
SPAC1250.03	SPBC12C2.07c	SPCC1393.14	
SPAC1250.04c	SPBC12C2.08	SPCC13B11.01	
SPAC1250.05	SPBC12C2.09c	SPCC13B11.02c	
SPAC1250.07	SPBC12C2.10c	SPCC13B11.03c	
SPAC1296.01c	SPBC12C2.11	SPCC13B11.04c	
SPAC1296.02	SPBC12C2.12c	SPCC1442.01	
SPAC1296.03c	SPBC12C2.13c	SPCC1442.02	
SPAC1296.04	SPBC12C2.14c	SPCC1442.03	
SPAC1296.05c	SPBC12D12.01	SPCC1442.04c	
SPAC1296.06	SPBC12D12.02c	SPCC1442.05c	
SPAC12B10.01c	SPBC12D12.03	SPCC1442.06	
SPAC12B10.02c	SPBC12D12.04c	SPCC1442.07c	
SPAC12B10.03	SPBC12D12.05c	SPCC1442.08c	
SPAC12B10.04	SPBC12D12.06	SPCC1442.09	
SPAC12B10.05	SPBC12D12.07c	SPCC1442.10c	
SPAC12B10.06c	SPBC12D12.08c	SPCC1442.11c	
SPAC12B10.07	SPBC12D12.09	SPCC1442.12	
SPAC12B10.08c	SPBC1306.01c	SPCC1442.13c	
SPAC12B10.09	SPBC1306.02	SPCC1442.14c	
SPAC12B10.10	SPBC1347.01c	SPCC1442.15c	
SPAC12B10.11	SPBC1347.02	SPCC1442.16c	
SPAC12B10.12c	SPBC1347.03	SPCC1442.17c	
SPAC12B10.13	SPBC1347.04	SPCC1442.19	
SPAC12B10.14c	SPBC1347.05c	SPCC1450.01c	
SPAC12B10.15c	SPBC1347.06c	SPCC1450.02	
SPAC12B10.16c	SPBC1347.07	SPCC1450.03	
SPAC12G12.01c	SPBC1347.08c	SPCC1450.04	
SPAC12G12.02	SPBC1347.09	SPCC1450.05c	
SPAC12G12.03	SPBC1347.10	SPCC1450.06c	
SPAC12G12.04	SPBC1347.11	SPCC1450.07c	
SPAC12G12.05c	SPBC1347.12	SPCC1450.08c	
SPAC12G12.06c	SPBC1347.13c	SPCC1450.09c	
SPAC12G12.07c	SPBC1347.14c	SPCC1450.10c	
SPAC12G12.08	SPBC1348.01	SPCC1450.11c	
SPAC12G12.09	SPBC1348.02	SPCC1450.12	
SPAC12G12.10	SPBC1348.03	SPCC1450.13c	
SPAC12G12.11c	SPBC1348.04	SPCC1450.14c	
SPAC12G12.12	SPBC1348.05	SPCC1450.15	
SPAC12G12.13c	SPBC1348.06c	SPCC1450.16c	
SPAC12G12.14c	SPBC1348.07	SPCC1494.01	
SPAC12G12.15	SPBC1348.08c	SPCC1494.02c	
SPAC12G12.16c	SPBC1348.09	SPCC1494.03	
SPAC12G12.17	SPBC1348.10c	SPCC1494.04c	
SPAC1327.01c	SPBC1348.11	SPCC1494.05c	
SPAC139.01c	SPBC1348.12	SPCC1494.06c	
SPAC139.02c	SPBC1348.14c	SPCC1494.07	
SPAC139.03	SPBC1348.15	SPCC1494.08c	
SPAC139.04c	SPBC13A2.01c	SPCC1494.09c	
SPAC139.05	SPBC13A2.02	SPCC1494.10	
SPAC139.06	SPBC13A2.03	SPCC1494.11c	
SPAC1399.01c	SPBC13A2.04c	SPCC14G10.01	
SPAC1399.02	SPBC13E7.01	SPCC14G10.02	
SPAC1399.03	SPBC13E7.02	SPCC14G10.03c	
SPAC1399.04c	SPBC13E7.03c	SPCC14G10.04	
SPAC1399.05c	SPBC13E7.04	SPCC1529.01	
SPAC1399.06	SPBC13E7.05	SPCC162.01c	
SPAC13A11.01c	SPBC13E7.06	SPCC162.02c	
SPAC13A11.02c	SPBC13E7.07	SPCC162.03	
SPAC13A11.03	SPBC13E7.08c	SPCC162.04c	
SPAC13A11.04c	SPBC13E7.09	SPCC162.05	
SPAC13A11.05	SPBC13E7.10c	SPCC162.06c	
SPAC13A11.06	SPBC13E7.11	SPCC162.07	
SPAC13C5.01c	SPBC13G1.01c	SPCC162.08c	
SPAC13C5.02	SPBC13G1.02	SPCC162.09c	
SPAC13C5.03	SPBC13G1.03c	SPCC162.10	
SPAC13C5.04	SPBC13G1.04c	SPCC162.11c	
SPAC13C5.05c	SPBC13G1.05	SPCC162.12	
SPAC13C5.06c	SPBC13G1.06c	SPCC1620.01c	
SPAC13C5.07	SPBC13G1.07	SPCC1620.02	
SPAC13D1.01c	SPBC13G1.08c	SPCC1620.03	
SPAC13D6.01	SPBC13G1.09	SPCC1620.04c	
SPAC13D6.02c	SPBC13G1.10c	SPCC1620.05	
SPAC13D6.03c	SPBC13G1.11	SPCC1620.06c	
SPAC13D6.04c	SPBC13G1.12	SPCC1620.07c	
SPAC13D6.05	SPBC13G1.13	SPCC1620.08	
SPAC13F5.01c	SPBC13G1.14c	SPCC1620.09c	
SPAC13F5.02c	SPBC13G1.15c	SPCC1620.10	
SPAC13F5.03c	SPBC13G1.16	SPCC1620.11	
SPAC13F5.04c	SPBC146.01	SPCC1620.12c	
SPAC13F5.05	SPBC146.02	SPCC1620.13	
SPAC13F5.06c	SPBC146.03c	SPCC1620.14c	
SPAC13F5.07c	SPBC146.04	SPCC1672.01	
SPAC13G6.01c	SPBC146.05c	SPCC1672.02c	
SPAC13G6.02c	SPBC146.06c	SPCC1672.03c	
SPAC13G6.03	SPBC146.07	SPCC1672.04c	
SPAC13G6.04	SPBC146.08c	SPCC1672.05c	
SPAC13G6.05c	SPBC146.09c	SPCC1672.06c	
SPAC13G6.06c	SPBC146.10	SPCC1672.07	
SPAC13G6.07c	SPBC146.11c	SPCC1672.08c	
SPAC13G6.08	SPBC146.12	SPCC1672.09	
SPAC13G6.09	SPBC146.13c	SPCC1672.10	
SPAC13G6.10c	SPBC146.14c	SPCC1672.11c	
SPAC13G6.11c	SPBC14C8.01c	SPCC1672.12c	
SPAC13G6.12c	SPBC14C8.02	SPCC1682.01	
SPAC13G6.13	SPBC14C8.03	SPCC1682.02c	
SPAC13G6.14	SPBC14C8.04	SPCC1682.03c	
SPAC13G6.15c	SPBC14C8.05c	SPCC1682.04	
SPAC13G7.01c	SPBC14C8.06	SPCC1682.05c	
SPAC13G7.02c	SPBC14C8.07c	SPCC1682.06	
SPAC13G7.03	SPBC14C8.09c	SPCC1682.07	
SPAC13G7.04c	SPBC14C8.10	SPCC1682.08c	
SPAC13G7.05	SPBC14C8.11c	SPCC1682.09c	
SPAC13G7.06	SPBC14C8.12	SPCC1682.10	
SPAC13G7.07	SPBC14C8.13	SPCC1682.11c	
SPAC13G7.08c	SPBC14C8.14c	SPCC1682.12c	
SPAC13G7.09c	SPBC14C8.15	SPCC1682.13	
SPAC13G7.10	SPBC14C8.16c	SPCC1682.14	
SPAC13G7.11	SPBC14C8.17c	SPCC1682.15	
SPAC13G7.12c	SPBC14C8.19	SPCC1682.16	
SPAC13G7.13c	SPBC14F5.01	SPCC16A11.01	
SPAC140.01	SPBC14F5.02	SPCC16A11.02	
SPAC140.02	SPBC14F5.03c	SPCC16A11.03c	
SPAC140.03	SPBC14F5.04c	SPCC16A11.04	
SPAC140.04	SPBC14F5.05c	SPCC16A11.05c	
SPAC1420.01c	SPBC14F5.06	SPCC16A11.06c	
SPAC1420.02c	SPBC14F5.07	SPCC16A11.07	
SPAC1420.03	SPBC14F5.08	SPCC16A11.08	
SPAC1420.04c	SPBC14F5.09c	SPCC16A11.09c	
SPAC144.01	SPBC14F5.10c	SPCC16A11.10c	
SPAC144.02	SPBC14F5.11c	SPCC16A11.11	
SPAC144.03	SPBC14F5.12c	SPCC16A11.12c	
SPAC144.04c	SPBC14F5.13c	SPCC16A11.13	
SPAC144.05	SPBC1539.01c	SPCC16A11.14	
SPAC144.06	SPBC1539.02	SPCC16A11.15c	
SPAC144.07c	SPBC1539.03c	SPCC16A11.16c	
SPAC144.08	SPBC1539.04	SPCC16A11.17	
SPAC144.09c	SPBC1539.05	SPCC16C4.01	
SPAC144.10c	SPBC1539.06	SPCC16C4.02c	
SPAC144.11	SPBC1539.07c	SPCC16C4.03	
SPAC144.12	SPBC1539.08	SPCC16C4.04	
SPAC144.13c	SPBC1539.09c	SPCC16C4.05	
SPAC144.14	SPBC1539.10	SPCC16C4.06c	
SPAC144.15c	SPBC15C4.01c	SPCC16C4.07	
SPAC144.16	SPBC15C4.02	SPCC16C4.08c	
SPAC144.17c	SPBC15C4.03	SPCC16C4.09	
SPAC144.18	SPBC15C4.04c	SPCC16C4.10	
SPAC144.19	SPBC15C4.05	SPCC16C4.11	
SPAC1486.01	SPBC15C4.06c	SPCC16C4.12	
SPAC1486.02c	SPBC15D4.01c	SPCC16C4.13c	
SPAC1486.03c	SPBC15D4.02	SPCC16C4.14c	
SPAC1486.04c	SPBC15D4.03	SPCC16C4.15	
SPAC1486.05	SPBC15D4.04	SPCC16C4.16c	
SPAC1486.06	SPBC15D4.05	SPCC16C4.17	
SPAC1486.07c	SPBC15D4.06	SPCC16C4.18c	
SPAC1486.08	SPBC15D4.07c	SPCC16C4.19	
SPAC1486.09	SPBC15D4.08c	SPCC16C4.20c	
SPAC1486.10	SPBC15D4.09c	SPCC16C4.21	
SPAC1486.11	SPBC15D4.10c	SPCC16C4.22	
SPAC14C4.01c	SPBC15D4.11c	SPCC1739.01	
SPAC14C4.02c	SPBC15D4.12c	SPCC1739.02c	
SPAC14C4.03	SPBC15D4.13c	SPCC1739.03	
SPAC14C4.04	SPBC15D4.14	SPCC1739.04c	
SPAC14C4.05c	SPBC15D4.15	SPCC1739.05	
SPAC14C4.06c	SPBC1604.01	SPCC1739.06c	
SPAC14C4.07	SPBC1604.02c	SPCC1739.07	
SPAC14C4.08	SPBC1604.03c	SPCC1739.08c	
SPAC14C4.09	SPBC1604.04	SPCC1739.09c	
SPAC14C4.10c	SPBC1604.05	SPCC1739.10	
SPAC14C4.11	SPBC1604.06c	SPCC1739.11c	
SPAC14C4.12c	SPBC1604.07	SPCC1739.12	
SPAC14C4.13	SPBC1604.08c	SPCC1739.13	
SPAC14C4.14	SPBC1604.09c	SPCC1739.14	
SPAC14C4.15c	SPBC1604.10	SPCC1739.15	
SPAC14C4.16	SPBC1604.11	SPCC1742.01	
SPAC1527.01	SPBC1604.12	SPCC1753.01c	
SPAC1527.02	SPBC1604.13c	SPCC1753.02c	
SPAC1527.03	SPBC1604.14c	SPCC1753.03c	
SPAC1556.01c	SPBC1604.15	SPCC1753.04	
SPAC1556.02c	SPBC1604.16c	SPCC1753.05	
SPAC1556.03	SPBC1604.17c	SPCC1795.01c	
SPAC1556.04c	SPBC1604.18c	SPCC1795.02c	
SPAC1556.05c	SPBC1604.19c	SPCC1795.03	
SPAC1556.06	SPBC1604.20c	SPCC1795.04c	
SPAC1556.07	SPBC1604.21c	SPCC1795.05c	
SPAC1556.08c	SPBC1604.25	SPCC1795.06	
SPAC1565.01	SPBC1652.01	SPCC1795.07	
SPAC1565.02c	SPBC1652.02	SPCC1795.08c	
SPAC1565.03	SPBC1677.02	SPCC1795.09	
SPAC1565.04c	SPBC1677.03c	SPCC1795.10c	
SPAC1565.05	SPBC1683.01	SPCC1795.11	
SPAC1565.06c	SPBC1683.02	SPCC1795.12c	
SPAC1565.07c	SPBC1683.03c	SPCC18.01c	
SPAC1565.08	SPBC1683.04	SPCC18.02	
SPAC15A10.01	SPBC1683.05	SPCC18.03	
SPAC15A10.02	SPBC1683.06c	SPCC18.04	
SPAC15A10.03c	SPBC1683.07	SPCC18.05c	
SPAC15A10.04c	SPBC1683.08	SPCC18.06c	
SPAC15A10.05c	SPBC1683.09c	SPCC18.07	
SPAC15A10.06	SPBC1683.10c	SPCC18.08	
SPAC15A10.07	SPBC1683.11c	SPCC18.09c	
SPAC15A10.08	SPBC1683.12	SPCC18.10	
SPAC15A10.09c	SPBC1683.13c	SPCC18.11c	
SPAC15A10.10	SPBC1685.01	SPCC18.12c	
SPAC15A10.11	SPBC1685.02c	SPCC18.13	
SPAC15A10.12c	SPBC1685.03	SPCC18.14c	
SPAC15A10.13	SPBC1685.04	SPCC18.15	
SPAC15A10.15	SPBC1685.05	SPCC18.16c	
SPAC15A10.16	SPBC1685.06	SPCC18.17c	
SPAC15A10.17	SPBC1685.07c	SPCC18.18c	
SPAC15E1.02c	SPBC1685.08	SPCC18.19c	
SPAC15E1.03	SPBC1685.09	SPCC18.20	
SPAC15E1.04	SPBC1685.10	SPCC1827.01c	
SPAC15E1.05c	SPBC1685.11	SPCC1827.02c	
SPAC15E1.06	SPBC1685.13	SPCC1827.03c	
SPAC15E1.07c	SPBC1685.14c	SPCC1827.04	
SPAC15E1.08	SPBC1685.15c	SPCC1827.05c	
SPAC15E1.09	SPBC1685.16	SPCC1827.06c	
SPAC15E1.10	SPBC1685.17	SPCC1827.07c	
SPAC15F9.01c	SPBC16A3.01	SPCC1827.08c	
SPAC15F9.02	SPBC16A3.02c	SPCC1840.01c	
SPAC15F9.03c	SPBC16A3.03c	SPCC1840.02c	
SPAC16.01	SPBC16A3.04	SPCC1840.03	
SPAC16.02c	SPBC16A3.05c	SPCC1840.04	
SPAC16.03c	SPBC16A3.06	SPCC1840.05c	
SPAC16.04	SPBC16A3.07c	SPCC1840.06	
SPAC16.05c	SPBC16A3.08c	SPCC1840.07c	
SPAC1610.01	SPBC16A3.09c	SPCC1840.08c	
SPAC1610.02c	SPBC16A3.10	SPCC1840.09	
SPAC1610.03c	SPBC16A3.11	SPCC1840.10	
SPAC1610.04	SPBC16A3.12c	SPCC1840.11	
SPAC1635.01	SPBC16A3.13	SPCC1840.12	
SPAC1639.01c	SPBC16A3.14	SPCC1840.13	
SPAC1639.02c	SPBC16A3.15c	SPCC188.02	
SPAC167.01	SPBC16A3.16	SPCC188.03	
SPAC167.02	SPBC16A3.17c	SPCC188.04c	
SPAC167.03c	SPBC16A3.18	SPCC188.06c	
SPAC167.04	SPBC16A3.19	SPCC188.07	
SPAC167.05	SPBC16C6.01c	SPCC188.08c	
SPAC167.06c	SPBC16C6.02c	SPCC188.09c	
SPAC167.07c	SPBC16C6.03c	SPCC188.10c	
SPAC167.08	SPBC16C6.04	SPCC188.11	
SPAC167.09	SPBC16C6.05	SPCC188.12	
SPAC1687.01	SPBC16C6.06	SPCC188.13c	
SPAC1687.02	SPBC16C6.07c	SPCC188.14	
SPAC1687.03c	SPBC16C6.08c	SPCC1884.01	
SPAC1687.04	SPBC16C6.09	SPCC1884.02	
SPAC1687.05	SPBC16C6.10	SPCC18B5.01c	
SPAC1687.06c	SPBC16C6.11	SPCC18B5.02c	
SPAC1687.07	SPBC16C6.12c	SPCC18B5.03	
SPAC1687.08	SPBC16C6.13c	SPCC18B5.04	
SPAC1687.09	SPBC16C6.14	SPCC18B5.05c	
SPAC1687.10	SPBC16D10.01c	SPCC18B5.06	
SPAC1687.11	SPBC16D10.02	SPCC18B5.07c	
SPAC1687.12c	SPBC16D10.03	SPCC18B5.08c	
SPAC1687.13c	SPBC16D10.04c	SPCC18B5.09c	
SPAC1687.14c	SPBC16D10.05	SPCC18B5.10c	
SPAC1687.15	SPBC16D10.06	SPCC18B5.11c	
SPAC1687.16c	SPBC16D10.07c	SPCC1902.01	
SPAC1687.17c	SPBC16D10.08c	SPCC1902.02	
SPAC1687.18c	SPBC16D10.09	SPCC1906.01	
SPAC1687.19c	SPBC16D10.10	SPCC1906.02c	
SPAC1687.20c	SPBC16D10.11c	SPCC1906.03	
SPAC1687.21	SPBC16E9.01c	SPCC1906.04	
SPAC1687.22c	SPBC16E9.02c	SPCC191.01	
SPAC1687.23c	SPBC16E9.03c	SPCC191.02c	
SPAC16A10.01	SPBC16E9.05	SPCC191.03c	
SPAC16A10.02	SPBC16E9.06c	SPCC191.04c	
SPAC16A10.03c	SPBC16E9.07	SPCC191.05c	
SPAC16A10.04	SPBC16E9.08	SPCC191.06	
SPAC16A10.05c	SPBC16E9.09c	SPCC191.07	
SPAC16A10.06c	SPBC16E9.10c	SPCC191.08	
SPAC16A10.07c	SPBC16E9.11c	SPCC191.09c	
SPAC16A10.08c	SPBC16E9.12c	SPCC191.10	
SPAC16C9.01c	SPBC16E9.13	SPCC191.11	
SPAC16C9.02c	SPBC16E9.14c	SPCC1919.01	
SPAC16C9.03	SPBC16E9.15	SPCC1919.02	
SPAC16C9.04c	SPBC16E9.16c	SPCC1919.03c	
SPAC16C9.05	SPBC16E9.17c	SPCC1919.04	
SPAC16C9.06c	SPBC16E9.18	SPCC1919.05	
SPAC16C9.07	SPBC16E9.19	SPCC1919.06c	
SPAC16E8.01	SPBC16E9.20	SPCC1919.07	
SPAC16E8.02	SPBC16G5.01	SPCC1919.08c	
SPAC16E8.03	SPBC16G5.02c	SPCC1919.09	
SPAC16E8.04c	SPBC16G5.03	SPCC1919.10c	
SPAC16E8.05c	SPBC16G5.04	SPCC1919.11	
SPAC16E8.06c	SPBC16G5.05c	SPCC1919.12c	
SPAC16E8.07c	SPBC16G5.06	SPCC1919.13c	
SPAC16E8.08	SPBC16G5.07c	SPCC1919.14c	
SPAC16E8.09	SPBC16G5.08	SPCC1919.15	
SPAC16E8.10c	SPBC16G5.09	SPCC23B6.01c	
SPAC16E8.11c	SPBC16G5.10	SPCC23B6.02c	
SPAC16E8.12c	SPBC16G5.11c	SPCC23B6.03c	
SPAC16E8.13	SPBC16G5.12c	SPCC23B6.04c	
SPAC16E8.14c	SPBC16G5.13	SPCC23B6.05c	
SPAC16E8.15	SPBC16G5.14c	SPCC24B10.02c	
SPAC16E8.16	SPBC16G5.15c	SPCC24B10.03	
SPAC16E8.17c	SPBC16G5.16	SPCC24B10.04	
SPAC16E8.18	SPBC16G5.17	SPCC24B10.05	
SPAC16E8.18c	SPBC16G5.18	SPCC24B10.06	
SPAC1705.02	SPBC16G5.19	SPCC24B10.07	
SPAC1705.03c	SPBC16H5.02	SPCC24B10.08c	
SPAC1751.01c	SPBC16H5.03c	SPCC24B10.09	
SPAC1751.02c	SPBC16H5.04	SPCC24B10.10c	
SPAC1751.03	SPBC16H5.05c	SPCC24B10.11c	
SPAC1751.04	SPBC16H5.06	SPCC24B10.12	
SPAC1782.01	SPBC16H5.07c	SPCC24B10.13	
SPAC1782.02c	SPBC16H5.08c	SPCC24B10.14c	
SPAC1782.03	SPBC16H5.09c	SPCC24B10.15	
SPAC1782.04	SPBC16H5.10c	SPCC24B10.16c	
SPAC1782.05	SPBC16H5.11c	SPCC24B10.17	
SPAC1782.06c	SPBC16H5.12c	SPCC24B10.18	
SPAC1782.07	SPBC16H5.13	SPCC24B10.19c	
SPAC1782.08c	SPBC16H5.14c	SPCC24B10.20	
SPAC1782.09c	SPBC16H5.15	SPCC24B10.21	
SPAC1782.10c	SPBC1703.01c	SPCC24B10.22	
SPAC1782.11	SPBC1703.02	SPCC285.03	
SPAC1782.12c	SPBC1703.03c	SPCC285.04	
SPAC1783.01	SPBC1703.04	SPCC285.05	
SPAC1783.02c	SPBC1703.05	SPCC285.06c	
SPAC1783.03	SPBC1703.06	SPCC285.07c	
SPAC1783.04c	SPBC1703.07	SPCC285.08	
SPAC1783.05	SPBC1703.08c	SPCC285.09c	
SPAC1783.06c	SPBC1703.09	SPCC285.10c	
SPAC1783.07c	SPBC1703.10	SPCC285.11	
SPAC1783.08c	SPBC1703.11	SPCC285.12	
SPAC1786.01c	SPBC1703.12	SPCC285.13c	
SPAC1786.02	SPBC1703.13c	SPCC285.14	
SPAC1786.03	SPBC1703.14c	SPCC285.15c	
SPAC1786.04	SPBC1703.15c	SPCC285.16c	
SPAC17A2.01	SPBC1706.01	SPCC285.17	
SPAC17A2.02c	SPBC1706.02c	SPCC290.02	
SPAC17A2.03c	SPBC1706.03	SPCC290.03c	
SPAC17A2.04c	SPBC1709.01	SPCC290.04	
SPAC17A2.05	SPBC1709.02c	SPCC297.03	
SPAC17A2.06c	SPBC1709.03	SPCC297.04c	
SPAC17A2.07c	SPBC1709.04c	SPCC297.05	
SPAC17A2.08c	SPBC1709.05	SPCC297.06c	
SPAC17A2.09c	SPBC1709.06	SPCC2H8.02	
SPAC17A2.10c	SPBC1709.07	SPCC2H8.04	
SPAC17A2.11	SPBC1709.08	SPCC2H8.05c	
SPAC17A2.12	SPBC1709.09	SPCC306.02c	
SPAC17A2.13c	SPBC1709.10c	SPCC306.03c	
SPAC17A2.14	SPBC1709.11c	SPCC306.04c	
SPAC17A5.01	SPBC1709.12	SPCC306.05c	
SPAC17A5.02c	SPBC1709.13c	SPCC306.06c	
SPAC17A5.03	SPBC1709.14	SPCC306.07c	
SPAC17A5.04c	SPBC1709.15c	SPCC306.08c	
SPAC17A5.05c	SPBC1709.16c	SPCC306.09c	
SPAC17A5.06	SPBC1709.17	SPCC306.10	
SPAC17A5.07c	SPBC1709.18	SPCC306.11	
SPAC17A5.08	SPBC1709.19c	SPCC31H12.02c	
SPAC17A5.09c	SPBC1709.20	SPCC31H12.03c	
SPAC17A5.10	SPBC1711.01c	SPCC31H12.04c	
SPAC17A5.11	SPBC1711.02	SPCC31H12.05c	
SPAC17A5.12	SPBC1711.03	SPCC31H12.06	
SPAC17A5.13	SPBC1711.04	SPCC31H12.07	
SPAC17A5.14	SPBC1711.05	SPCC31H12.08c	
SPAC17A5.15c	SPBC1711.06	SPCC320.03	
SPAC17A5.16	SPBC1711.07	SPCC320.04c	
SPAC17A5.18c	SPBC1711.08	SPCC320.05	
SPAC17A5.19	SPBC1711.09c	SPCC320.06	
SPAC17C9.01c	SPBC1711.10c	SPCC320.07c	
SPAC17C9.02c	SPBC1711.11	SPCC320.08	
SPAC17C9.03	SPBC1711.12	SPCC320.09	
SPAC17C9.05c	SPBC1711.13	SPCC320.10	
SPAC17C9.06	SPBC1711.14	SPCC320.11c	
SPAC17C9.07	SPBC1711.15c	SPCC320.12	
SPAC17C9.08	SPBC1711.16	SPCC320.13c	
SPAC17C9.09c	SPBC1711.17	SPCC320.14	
SPAC17C9.10	SPBC1711.18	SPCC330.01c	
SPAC17C9.11c	SPBC1718.01	SPCC330.02	
SPAC17C9.12	SPBC1718.02	SPCC330.03c	
SPAC17C9.13c	SPBC1718.03	SPCC330.04c	
SPAC17C9.14	SPBC1718.04	SPCC330.05c	
SPAC17C9.15c	SPBC1718.05	SPCC330.06c	
SPAC17C9.16c	SPBC1718.06	SPCC330.07c	
SPAC17D4.01	SPBC1718.07c	SPCC330.08	
SPAC17D4.02	SPBC1734.01c	SPCC330.09	
SPAC17D4.03c	SPBC1734.02c	SPCC330.10	
SPAC17D4.04	SPBC1734.03	SPCC330.11	
SPAC17G6.02c	SPBC1734.04	SPCC330.12c	
SPAC17G6.03	SPBC1734.05c	SPCC330.13	
SPAC17G6.04c	SPBC1734.06	SPCC330.14c	
SPAC17G6.05c	SPBC1734.07c	SPCC330.19c	
SPAC17G6.06	SPBC1734.08	SPCC330.20	
SPAC17G6.07c	SPBC1734.09	SPCC330.21	
SPAC17G6.08	SPBC1734.10c	SPCC338.02	
SPAC17G6.09	SPBC1734.11	SPCC338.03c	
SPAC17G6.10	SPBC1734.12c	SPCC338.04	
SPAC17G6.11c	SPBC1734.13	SPCC338.05c	
SPAC17G6.12	SPBC1734.14c	SPCC338.06c	
SPAC17G6.13	SPBC1734.15	SPCC338.07c	
SPAC17G6.14c	SPBC1734.16c	SPCC338.08	
SPAC17G6.15c	SPBC1773.01	SPCC338.10c	
SPAC17G6.16c	SPBC1773.02c	SPCC338.11c	
SPAC17G6.17	SPBC1773.03c	SPCC338.12	
SPAC17G8.01c	SPBC1773.04	SPCC338.13	
SPAC17G8.02	SPBC1773.05c	SPCC338.14	
SPAC17G8.03c	SPBC1773.06c	SPCC338.15	
SPAC17G8.04c	SPBC1773.07c	SPCC338.16	
SPAC17G8.05	SPBC1773.08c	SPCC338.17c	
SPAC17G8.06c	SPBC1773.09c	SPCC338.18	
SPAC17G8.07	SPBC1773.10c	SPCC364.01	
SPAC17G8.08c	SPBC1773.11c	SPCC364.02c	
SPAC17G8.09	SPBC1773.12	SPCC364.03	
SPAC17G8.10c	SPBC1773.13	SPCC364.04c	
SPAC17G8.11c	SPBC1773.14	SPCC364.05	
SPAC17G8.12	SPBC1773.15	SPCC364.06	
SPAC17G8.13c	SPBC1773.16c	SPCC364.07	
SPAC17G8.14c	SPBC1773.17c	SPCC417.02	
SPAC17G8.15	SPBC1778.01c	SPCC417.03	
SPAC17H9.01	SPBC1778.02	SPCC417.05c	
SPAC17H9.02	SPBC1778.03c	SPCC417.06c	
SPAC17H9.03c	SPBC1778.04	SPCC417.07c	
SPAC17H9.04c	SPBC1778.05c	SPCC417.08	
SPAC17H9.05	SPBC1778.06c	SPCC417.09c	
SPAC17H9.06c	SPBC1778.07	SPCC417.10	
SPAC17H9.07	SPBC1778.08c	SPCC417.11c	
SPAC17H9.08	SPBC1778.09	SPCC417.12	
SPAC17H9.09c	SPBC1778.10c	SPCC417.15	
SPAC17H9.10c	SPBC17A3.01c	SPCC417.16	
SPAC17H9.11	SPBC17A3.02	SPCC4B3.01	
SPAC17H9.12c	SPBC17A3.03c	SPCC4B3.02c	
SPAC17H9.13c	SPBC17A3.04c	SPCC4B3.03c	
SPAC17H9.14c	SPBC17A3.05c	SPCC4B3.04c	
SPAC17H9.16	SPBC17A3.06	SPCC4B3.05c	
SPAC17H9.17c	SPBC17A3.07	SPCC4B3.06c	
SPAC17H9.18c	SPBC17A3.08	SPCC4B3.07	
SPAC17H9.19c	SPBC17A3.09c	SPCC4B3.08	
SPAC17H9.20	SPBC17A3.10	SPCC4B3.09c	
SPAC1805.01c	SPBC17D1.01	SPCC4B3.10c	
SPAC1805.02c	SPBC17D1.02	SPCC4B3.11c	
SPAC1805.03c	SPBC17D1.03c	SPCC4B3.12	
SPAC1805.04	SPBC17D1.04	SPCC4B3.13	
SPAC1805.05	SPBC17D1.05	SPCC4B3.14	
SPAC1805.06c	SPBC17D1.06	SPCC4B3.15	
SPAC1805.07c	SPBC17D1.07c	SPCC4B3.16	
SPAC1805.08	SPBC17D1.17	SPCC4B3.17	
SPAC1805.09c	SPBC17D11.01	SPCC4B3.18	
SPAC1805.10	SPBC17D11.02c	SPCC4B3.20	
SPAC1805.11c	SPBC17D11.03c	SPCC4E9.01c	
SPAC1805.12c	SPBC17D11.04c	SPCC4E9.02	
SPAC1805.13	SPBC17D11.05	SPCC4F11.02	
SPAC1805.14	SPBC17D11.06	SPCC4F11.03c	
SPAC1805.15c	SPBC17D11.07c	SPCC4F11.04c	
SPAC1805.16c	SPBC17D11.08	SPCC4F11.05	
SPAC1805.17	SPBC17F3.01c	SPCC4G3.02	
SPAC1805.18	SPBC17F3.02	SPCC4G3.03	
SPAC1834.01	SPBC17G9.02c	SPCC4G3.04c	
SPAC1834.02	SPBC17G9.03c	SPCC4G3.05c	
SPAC1834.03c	SPBC17G9.04c	SPCC4G3.06c	
SPAC1834.04	SPBC17G9.05	SPCC4G3.07c	
SPAC1834.05	SPBC17G9.06c	SPCC4G3.08	
SPAC1834.06c	SPBC17G9.07	SPCC4G3.09c	
SPAC1834.07	SPBC17G9.08c	SPCC4G3.10c	
SPAC1834.08	SPBC17G9.09	SPCC4G3.11	
SPAC1834.09	SPBC17G9.10	SPCC4G3.12c	
SPAC1834.10c	SPBC17G9.11c	SPCC4G3.13c	
SPAC1834.11c	SPBC17G9.12c	SPCC4G3.14	
SPAC1834.13	SPBC17G9.13c	SPCC4G3.15c	
SPAC1851.02	SPBC1815.01	SPCC4G3.16	
SPAC1851.03	SPBC1826.01c	SPCC4G3.17	
SPAC1851.04c	SPBC1861.01c	SPCC4G3.18	
SPAC186.01	SPBC1861.02	SPCC4G3.19	
SPAC186.02c	SPBC1861.03	SPCC4G3.20	
SPAC186.03	SPBC1861.04c	SPCC548.02c	
SPAC186.04c	SPBC1861.05	SPCC548.03c	
SPAC186.05c	SPBC1861.06c	SPCC548.04	
SPAC186.06	SPBC1861.07	SPCC548.05c	
SPAC186.07c	SPBC1861.08c	SPCC548.06c	
SPAC186.08c	SPBC1861.09	SPCC548.07c	
SPAC186.09	SPBC18A7.01	SPCC550.01c	
SPAC18B11.02c	SPBC18A7.02c	SPCC550.02c	
SPAC18B11.03c	SPBC18E5.01	SPCC550.03c	
SPAC18B11.04	SPBC18E5.02c	SPCC550.04c	
SPAC18B11.05	SPBC18E5.03c	SPCC550.05	
SPAC18B11.06	SPBC18E5.04	SPCC550.06c	
SPAC18B11.07c	SPBC18E5.05c	SPCC550.07	
SPAC18B11.08c	SPBC18E5.06	SPCC550.08	
SPAC18B11.09c	SPBC18E5.07	SPCC550.09	
SPAC18B11.10	SPBC18E5.08	SPCC550.10	
SPAC18B11.11	SPBC18E5.09c	SPCC550.11	
SPAC18G6.01c	SPBC18E5.10	SPCC550.12	
SPAC18G6.02c	SPBC18E5.11c	SPCC550.13	
SPAC18G6.03	SPBC18E5.12c	SPCC550.14	
SPAC18G6.04c	SPBC18E5.13	SPCC550.15c	
SPAC18G6.05c	SPBC18E5.14c	SPCC553.01c	
SPAC18G6.06	SPBC18E5.15	SPCC553.02	
SPAC18G6.07c	SPBC18H10.02	SPCC553.03	
SPAC18G6.09c	SPBC18H10.03	SPCC553.04	
SPAC18G6.10	SPBC18H10.04c	SPCC553.05c	
SPAC18G6.11c	SPBC18H10.05	SPCC553.06	
SPAC18G6.12c	SPBC18H10.06c	SPCC553.07c	
SPAC18G6.13	SPBC18H10.07	SPCC553.08c	
SPAC18G6.14c	SPBC18H10.08c	SPCC553.09c	
SPAC18G6.15	SPBC18H10.09	SPCC553.10	
SPAC1952.01	SPBC18H10.10c	SPCC553.11c	
SPAC1952.02	SPBC18H10.11c	SPCC553.12c	
SPAC1952.03	SPBC18H10.12c	SPCC569.01c	
SPAC1952.04c	SPBC18H10.13	SPCC569.02c	
SPAC1952.05	SPBC18H10.14	SPCC569.03	
SPAC1952.06c	SPBC18H10.15	SPCC569.04	
SPAC1952.07	SPBC18H10.16	SPCC569.05c	
SPAC1952.08c	SPBC18H10.17c	SPCC569.06	
SPAC1952.09c	SPBC18H10.18c	SPCC569.07	
SPAC1952.10c	SPBC18H10.19	SPCC569.08c	
SPAC1952.11c	SPBC18H10.20c	SPCC569.09	
SPAC1952.12c	SPBC1921.01c	SPCC576.01c	
SPAC1952.13	SPBC1921.02	SPCC576.02	
SPAC1952.14c	SPBC1921.03c	SPCC576.03c	
SPAC1952.15c	SPBC1921.04c	SPCC576.04	
SPAC1952.16	SPBC1921.05	SPCC576.05	
SPAC1952.17c	SPBC1921.06c	SPCC576.06c	
SPAC19A8.01c	SPBC1921.07c	SPCC576.07	
SPAC19A8.02	SPBC19C2.01	SPCC576.08c	
SPAC19A8.03	SPBC19C2.02	SPCC576.09	
SPAC19A8.04	SPBC19C2.03	SPCC576.10c	
SPAC19A8.05c	SPBC19C2.04c	SPCC576.11	
SPAC19A8.06	SPBC19C2.05	SPCC576.12c	
SPAC19A8.07c	SPBC19C2.06c	SPCC576.13	
SPAC19A8.08	SPBC19C2.07	SPCC576.14	
SPAC19A8.09	SPBC19C2.08	SPCC576.15c	
SPAC19A8.10	SPBC19C2.09	SPCC576.16c	
SPAC19A8.11c	SPBC19C2.10	SPCC576.17c	
SPAC19A8.12	SPBC19C2.11c	SPCC576.19c	
SPAC19A8.13	SPBC19C2.12	SPCC584.01c	
SPAC19A8.14	SPBC19C2.13c	SPCC584.02	
SPAC19A8.15	SPBC19C2.14	SPCC584.03c	
SPAC19A8.16	SPBC19C2.15c	SPCC584.04	
SPAC19B12.01	SPBC19C7.01	SPCC584.05	
SPAC19B12.02c	SPBC19C7.02	SPCC584.11c	
SPAC19B12.03	SPBC19C7.03	SPCC584.12	
SPAC19B12.04	SPBC19C7.04c	SPCC584.13	
SPAC19B12.05c	SPBC19C7.05	SPCC584.14	
SPAC19B12.06c	SPBC19C7.06	SPCC584.15c	
SPAC19B12.07c	SPBC19C7.07c	SPCC584.16c	
SPAC19B12.08	SPBC19C7.08c	SPCC594.01	
SPAC19B12.09	SPBC19C7.09c	SPCC594.02c	
SPAC19B12.10	SPBC19C7.10	SPCC594.03	
SPAC19B12.11c	SPBC19C7.11	SPCC594.04c	
SPAC19B12.12c	SPBC19C7.12c	SPCC594.05c	
SPAC19B12.13	SPBC19F5.01c	SPCC594.06c	
SPAC19D5.01	SPBC19F5.02c	SPCC594.07c	
SPAC19D5.02c	SPBC19F5.03	SPCC5E4.03c	
SPAC19D5.03	SPBC19F5.04	SPCC5E4.04	
SPAC19D5.04	SPBC19F5.05c	SPCC5E4.05c	
SPAC19D5.05c	SPBC19F8.01c	SPCC5E4.06	
SPAC19D5.06c	SPBC19F8.02	SPCC5E4.07	
SPAC19D5.07	SPBC19F8.03c	SPCC5E4.10c	
SPAC19D5.09c	SPBC19F8.04c	SPCC61.01c	
SPAC19D5.10c	SPBC19F8.05	SPCC61.02	
SPAC19D5.11c	SPBC19F8.06c	SPCC61.03	
SPAC19E9.01c	SPBC19F8.07	SPCC61.04c	
SPAC19E9.02	SPBC19F8.08	SPCC61.05	
SPAC19E9.03	SPBC19G7.01c	SPCC613.01	
SPAC19G12.01c	SPBC19G7.02	SPCC613.02	
SPAC19G12.02c	SPBC19G7.03c	SPCC613.03	
SPAC19G12.03	SPBC19G7.04	SPCC613.04c	
SPAC19G12.04	SPBC19G7.05c	SPCC613.05c	
SPAC19G12.05	SPBC19G7.06	SPCC613.06	
SPAC19G12.06c	SPBC19G7.07c	SPCC613.07	
SPAC19G12.07c	SPBC19G7.08c	SPCC613.08	
SPAC19G12.08	SPBC19G7.09	SPCC613.09	
SPAC19G12.09	SPBC19G7.10c	SPCC613.10	
SPAC19G12.10c	SPBC19G7.13	SPCC613.11c	
SPAC19G12.11	SPBC19G7.14c	SPCC613.12c	
SPAC19G12.12	SPBC19G7.15	SPCC622.01c	
SPAC19G12.13c	SPBC19G7.16	SPCC622.02	
SPAC19G12.14	SPBC19G7.17	SPCC622.03c	
SPAC19G12.15c	SPBC19G7.18c	SPCC622.04	
SPAC19G12.16c	SPBC19G7.19	SPCC622.06c	
SPAC19G12.17	SPBC1A4.01	SPCC622.07	
SPAC1A6.01c	SPBC1A4.02c	SPCC622.08c	
SPAC1A6.02	SPBC1A4.03c	SPCC622.09	
SPAC1A6.03c	SPBC1A4.04	SPCC622.10c	
SPAC1A6.04c	SPBC1A4.05	SPCC622.11	
SPAC1A6.05c	SPBC1A4.06c	SPCC622.12c	
SPAC1A6.06c	SPBC1A4.07c	SPCC622.13c	
SPAC1A6.07	SPBC1A4.08c	SPCC622.14	
SPAC1A6.08c	SPBC1A4.09	SPCC622.15c	
SPAC1A6.09c	SPBC1A4.10c	SPCC622.16c	
SPAC1A6.10	SPBC1A4.11c	SPCC622.17	
SPAC1A6.11	SPBC1D7.01	SPCC622.18	
SPAC1B1.01	SPBC1D7.02c	SPCC622.19	
SPAC1B1.02c	SPBC1D7.03	SPCC622.21	
SPAC1B1.03c	SPBC1D7.04	SPCC63.02c	
SPAC1B1.04c	SPBC1D7.05	SPCC63.03	
SPAC1B2.02c	SPBC1E8.02	SPCC63.04	
SPAC1B2.03c	SPBC1E8.03c	SPCC63.05	
SPAC1B2.04	SPBC1E8.04	SPCC63.06	
SPAC1B2.05	SPBC1E8.05	SPCC63.07	
SPAC1B2.06	SPBC20F10.01	SPCC63.08c	
SPAC1B3.01c	SPBC20F10.02c	SPCC63.10c	
SPAC1B3.02c	SPBC20F10.03	SPCC63.11	
SPAC1B3.03c	SPBC20F10.04c	SPCC63.12c	
SPAC1B3.04c	SPBC20F10.05	SPCC63.13	
SPAC1B3.05	SPBC20F10.06	SPCC63.14	
SPAC1B3.06c	SPBC20F10.07	SPCC645.02	
SPAC1B3.07c	SPBC20F10.08c	SPCC645.03c	
SPAC1B3.08	SPBC20F10.09	SPCC645.04	
SPAC1B3.09c	SPBC20F10.10	SPCC645.05c	
SPAC1B3.10c	SPBC21.01	SPCC645.06c	
SPAC1B3.11c	SPBC21.02	SPCC645.07	
SPAC1B3.12c	SPBC21.03c	SPCC645.08c	
SPAC1B3.13	SPBC21.04	SPCC645.09	
SPAC1B3.14	SPBC21.05c	SPCC645.10	
SPAC1B3.15c	SPBC21.06c	SPCC645.11c	
SPAC1B3.16c	SPBC21.07c	SPCC645.12c	
SPAC1B3.17	SPBC211.01	SPCC645.13	
SPAC1B3.18c	SPBC211.02c	SPCC645.14c	
SPAC1B3.20	SPBC211.03c	SPCC663.01c	
SPAC1B3.21	SPBC211.04c	SPCC663.02	
SPAC1B9.02c	SPBC211.05	SPCC663.03	
SPAC1B9.03c	SPBC211.06	SPCC663.04	
SPAC1D4.01	SPBC211.07c	SPCC663.05c	
SPAC1D4.02c	SPBC211.08c	SPCC663.06c	
SPAC1D4.03c	SPBC215.01	SPCC663.07c	
SPAC1D4.04	SPBC215.02	SPCC663.08c	
SPAC1D4.05c	SPBC215.03c	SPCC663.09c	
SPAC1D4.06c	SPBC215.04	SPCC663.10	
SPAC1D4.08	SPBC215.05	SPCC663.11	
SPAC1D4.09c	SPBC215.06c	SPCC663.12	
SPAC1D4.10	SPBC215.07c	SPCC663.13c	
SPAC1D4.11c	SPBC215.08c	SPCC663.14c	
SPAC1D4.12	SPBC215.09c	SPCC663.15c	
SPAC1D4.13	SPBC215.10	SPCC663.17	
SPAC1D4.14	SPBC215.11c	SPCC663.18	
SPAC1F12.02c	SPBC215.12	SPCC70.02c	
SPAC1F12.04c	SPBC215.13	SPCC70.03c	
SPAC1F12.05	SPBC215.14c	SPCC70.04c	
SPAC1F12.06c	SPBC215.15	SPCC70.05c	
SPAC1F12.07	SPBC216.01c	SPCC70.06	
SPAC1F12.08	SPBC216.02	SPCC70.07c	
SPAC1F12.09	SPBC216.03	SPCC70.08c	
SPAC1F12.10c	SPBC216.04c	SPCC70.09c	
SPAC1F3.01	SPBC216.05	SPCC70.10	
SPAC1F3.02c	SPBC216.06c	SPCC70.12c	
SPAC1F3.03	SPBC216.07c	SPCC736.02	
SPAC1F3.04c	SPBC21B10.02	SPCC736.03c	
SPAC1F3.05	SPBC21B10.03c	SPCC736.04c	
SPAC1F3.06c	SPBC21B10.04c	SPCC736.05	
SPAC1F3.07c	SPBC21B10.05c	SPCC736.06	
SPAC1F3.08c	SPBC21B10.06c	SPCC736.07c	
SPAC1F3.09	SPBC21B10.07	SPCC736.08	
SPAC1F3.10c	SPBC21B10.08c	SPCC736.09c	
SPAC1F5.02	SPBC21B10.09	SPCC736.10c	
SPAC1F5.03c	SPBC21B10.10	SPCC736.11	
SPAC1F5.04c	SPBC21B10.11	SPCC736.12c	
SPAC1F5.05c	SPBC21B10.12	SPCC736.13	
SPAC1F5.06	SPBC21B10.13c	SPCC736.14	
SPAC1F5.07c	SPBC21B10.14	SPCC736.15	
SPAC1F5.08c	SPBC21B10.15	SPCC737.02c	
SPAC1F5.09c	SPBC21C3.01c	SPCC737.03c	
SPAC1F5.10	SPBC21C3.02c	SPCC737.04	
SPAC1F5.11c	SPBC21C3.03	SPCC737.05	
SPAC1F7.01c	SPBC21C3.04c	SPCC737.06c	
SPAC1F7.02c	SPBC21C3.05	SPCC737.07c	
SPAC1F7.03	SPBC21C3.06	SPCC737.08	
SPAC1F7.04	SPBC21C3.07c	SPCC737.09c	
SPAC1F7.05	SPBC21C3.08c	SPCC74.01	
SPAC1F7.06	SPBC21C3.09c	SPCC74.02c	
SPAC1F7.07c	SPBC21C3.10c	SPCC74.03c	
SPAC1F7.08	SPBC21C3.11	SPCC74.04	
SPAC1F7.09c	SPBC21C3.12c	SPCC74.05	
SPAC1F7.10	SPBC21C3.13	SPCC74.06	
SPAC1F7.11c	SPBC21C3.14c	SPCC74.09	
SPAC1F7.12	SPBC21C3.15c	SPCC757.02c	
SPAC1F7.13c	SPBC21C3.16c	SPCC757.03c	
SPAC1F7.14c	SPBC21C3.17c	SPCC757.04	
SPAC1F8.01	SPBC21C3.18	SPCC757.05c	
SPAC1F8.02c	SPBC21C3.19	SPCC757.06	
SPAC1F8.03c	SPBC21C3.20c	SPCC757.07c	
SPAC1F8.04c	SPBC21D10.05c	SPCC757.08	
SPAC1F8.05	SPBC21D10.06c	SPCC757.09c	
SPAC1F8.06	SPBC21D10.07	SPCC757.10	
SPAC1F8.07c	SPBC21D10.08c	SPCC757.11c	
SPAC1F8.08	SPBC21D10.09c	SPCC757.12	
SPAC20G4.01	SPBC21D10.10	SPCC757.13	
SPAC20G4.02c	SPBC21D10.11c	SPCC757.15	
SPAC20G4.03c	SPBC21D10.12	SPCC777.02	
SPAC20G4.04c	SPBC21H7.02	SPCC777.03c	
SPAC20G4.05c	SPBC21H7.03c	SPCC777.04	
SPAC20G4.06c	SPBC21H7.04	SPCC777.05	
SPAC20G4.07c	SPBC21H7.05	SPCC777.06c	
SPAC20G4.08	SPBC21H7.06c	SPCC777.07	
SPAC20G4.09	SPBC21H7.07c	SPCC777.08c	
SPAC20G8.01	SPBC23E6.01c	SPCC777.09c	
SPAC20G8.02	SPBC23E6.02	SPCC777.10c	
SPAC20G8.03	SPBC23E6.03c	SPCC777.11	
SPAC20G8.04c	SPBC23E6.04c	SPCC777.12c	
SPAC20G8.05c	SPBC23E6.05	SPCC777.13	
SPAC20G8.06	SPBC23E6.06c	SPCC777.14	
SPAC20G8.07c	SPBC23E6.07c	SPCC777.15	
SPAC20G8.08c	SPBC23E6.08	SPCC777.17c	
SPAC20G8.09c	SPBC23E6.09	SPCC790.02	
SPAC20G8.10c	SPBC23E6.10c	SPCC790.03	
SPAC20H4.01	SPBC23G7.04c	SPCC794.01c	
SPAC20H4.02	SPBC23G7.05	SPCC794.02	
SPAC20H4.03c	SPBC23G7.06c	SPCC794.03	
SPAC20H4.04	SPBC23G7.07c	SPCC794.04c	
SPAC20H4.05c	SPBC23G7.08c	SPCC794.06	
SPAC20H4.06c	SPBC23G7.09	SPCC794.07	
SPAC20H4.07	SPBC23G7.10c	SPCC794.08	
SPAC20H4.08	SPBC23G7.11	SPCC794.09c	
SPAC20H4.09	SPBC23G7.12c	SPCC794.10	
SPAC20H4.10	SPBC23G7.13c	SPCC794.11c	
SPAC20H4.11c	SPBC23G7.14	SPCC794.12c	
SPAC212.01c	SPBC23G7.15c	SPCC794.15	
SPAC212.02	SPBC23G7.16	SPCC825.01	
SPAC212.03	SPBC23G7.17c	SPCC825.02	
SPAC212.04c	SPBC244.01c	SPCC825.03c	
SPAC212.05c	SPBC244.02c	SPCC825.04c	
SPAC212.06c	SPBC24C6.02	SPCC825.05c	
SPAC212.07c	SPBC24C6.03	SPCC830.02	
SPAC212.08c	SPBC24C6.04	SPCC830.03	
SPAC212.09c	SPBC24C6.05	SPCC830.04c	
SPAC212.10	SPBC24C6.06	SPCC830.05c	
SPAC212.11	SPBC24C6.07	SPCC830.06	
SPAC212.12	SPBC24C6.08c	SPCC830.07c	
SPAC21E11.03c	SPBC24C6.09c	SPCC830.08c	
SPAC21E11.04	SPBC24C6.10c	SPCC830.09c	
SPAC21E11.05c	SPBC24C6.11	SPCC830.10	
SPAC21E11.06	SPBC24C6.13	SPCC830.11c	
SPAC21E11.07	SPBC25B2.01	SPCC895.03c	
SPAC21E11.08	SPBC25B2.02c	SPCC895.04c	
SPAC222.03c	SPBC25B2.03	SPCC895.05	
SPAC222.04c	SPBC25B2.04c	SPCC895.06	
SPAC222.05c	SPBC25B2.05	SPCC895.07	
SPAC222.06	SPBC25B2.06c	SPCC895.08c	
SPAC222.07c	SPBC25B2.07c	SPCC895.09c	
SPAC222.08c	SPBC25B2.08	SPCC962.01	
SPAC222.09	SPBC25B2.09c	SPCC962.02c	
SPAC222.10c	SPBC25B2.10	SPCC962.03c	
SPAC222.11	SPBC25B2.11	SPCC962.04	
SPAC222.12c	SPBC25D12.02c	SPCC962.05	
SPAC222.13c	SPBC25D12.03c	SPCC962.06c	
SPAC222.14c	SPBC25D12.04	SPCC965.03	
SPAC222.15	SPBC25D12.05	SPCC965.04c	
SPAC222.16c	SPBC25D12.06	SPCC965.05c	
SPAC222.17	SPBC25H2.02	SPCC965.06	
SPAC222.18	SPBC25H2.03	SPCC965.07c	
SPAC222.19	SPBC25H2.04c	SPCC965.08c	
SPAC227.01c	SPBC25H2.05	SPCC965.09	
SPAC227.02c	SPBC25H2.06c	SPCC965.10	
SPAC227.03c	SPBC25H2.07	SPCC965.11c	
SPAC227.04	SPBC25H2.08c	SPCC965.12	
SPAC227.05	SPBC25H2.09	SPCC965.13	
SPAC227.06	SPBC25H2.10c	SPCC965.14c	
SPAC227.07c	SPBC25H2.11c	SPCC970.01	
SPAC227.08c	SPBC25H2.12c	SPCC970.02	
SPAC227.09	SPBC25H2.13c	SPCC970.03	
SPAC227.10	SPBC25H2.14	SPCC970.04c	
SPAC227.11c	SPBC25H2.15	SPCC970.05	
SPAC227.12	SPBC25H2.16c	SPCC970.06	
SPAC227.13c	SPBC25H2.18	SPCC970.07c	
SPAC227.14	SPBC26H8.01	SPCC970.08	
SPAC227.15	SPBC26H8.02c	SPCC970.09	
SPAC227.16c	SPBC26H8.03	SPCC970.10c	
SPAC227.17c	SPBC26H8.04c	SPCC970.11c	
SPAC227.18	SPBC26H8.05c	SPCC970.12	
SPAC227.19c	SPBC26H8.06	SPCP1E11.02	
SPAC22A12.01c	SPBC26H8.07c	SPCP1E11.03	
SPAC22A12.02c	SPBC26H8.08c	SPCP1E11.04c	
SPAC22A12.03c	SPBC26H8.09c	SPCP1E11.05c	
SPAC22A12.04c	SPBC26H8.10	SPCP1E11.06	
SPAC22A12.05	SPBC26H8.11c	SPCP1E11.07c	
SPAC22A12.06c	SPBC26H8.12	SPCP1E11.08	
SPAC22A12.07c	SPBC26H8.13c	SPCP1E11.09c	
SPAC22A12.08c	SPBC26H8.14c	SPCP1E11.10	
SPAC22A12.09c	SPBC26H8.16	SPCP1E11.11	
SPAC22A12.10	SPBC27.01c	SPCP20C8.01c	
SPAC22A12.11	SPBC27.02c	SPCP20C8.02c	
SPAC22A12.12c	SPBC27.03	SPCP20C8.03	
SPAC22A12.13	SPBC27.04	SPCP20C8.04	
SPAC22A12.14c	SPBC27.05	SPCP25A2.02c	
SPAC22A12.15c	SPBC27.06c	SPCP25A2.03	
SPAC22A12.16	SPBC27.08c	SPCP31B10.02	
SPAC22A12.17c	SPBC27B12.01c	SPCP31B10.03c	
SPAC22E12.01	SPBC27B12.02	SPCP31B10.04	
SPAC22E12.02	SPBC27B12.03c	SPCP31B10.05	
SPAC22E12.03c	SPBC27B12.04c	SPCP31B10.06	
SPAC22E12.04	SPBC27B12.05	SPCP31B10.07	
SPAC22E12.05c	SPBC27B12.06	SPCP31B10.08c	
SPAC22E12.06c	SPBC27B12.07	SPCPB16A4.02c	
SPAC22E12.07	SPBC27B12.08	SPCPB16A4.03c	
SPAC22E12.08	SPBC27B12.09c	SPCPB16A4.04c	
SPAC22E12.09c	SPBC27B12.10c	SPCPB16A4.05c	
SPAC22E12.10c	SPBC27B12.11c	SPCPB16A4.06c	
SPAC22E12.11c	SPBC27B12.12c	SPCPB16A4.07	
SPAC22E12.13c	SPBC27B12.13	SPCPB1C11.01	
SPAC22E12.14c	SPBC27B12.14	SPCPB1C11.02	
SPAC22E12.16c	SPBC28E12.01c	SPCPB1C11.03	
SPAC22E12.17c	SPBC28E12.02	SPCPJ732.01	
SPAC22E12.18	SPBC28E12.03	SPCPJ732.02c	
SPAC22E12.19	SPBC28E12.04	SPCPJ732.03	
SPAC22F3.02	SPBC28E12.05		
SPAC22F3.03c	SPBC28E12.06c		
SPAC22F3.04	SPBC28F2.02		
SPAC22F3.05c	SPBC28F2.03		
SPAC22F3.06c	SPBC28F2.04c		
SPAC22F3.07c	SPBC28F2.05c		
SPAC22F3.08c	SPBC28F2.06c		
SPAC22F3.09c	SPBC28F2.07		
SPAC22F3.10c	SPBC28F2.08c		
SPAC22F3.11c	SPBC28F2.09		
SPAC22F3.12c	SPBC28F2.10c		
SPAC22F3.13	SPBC28F2.11		
SPAC22F3.15	SPBC28F2.12		
SPAC22F8.02c	SPBC29A10.01		
SPAC22F8.03c	SPBC29A10.02		
SPAC22F8.04	SPBC29A10.03c		
SPAC22F8.05	SPBC29A10.04		
SPAC22F8.06	SPBC29A10.05		
SPAC22F8.07c	SPBC29A10.06c		
SPAC22F8.08	SPBC29A10.07		
SPAC22F8.09	SPBC29A10.08		
SPAC22F8.10c	SPBC29A10.09c		
SPAC22F8.11	SPBC29A10.10c		
SPAC22F8.12c	SPBC29A10.11c		
SPAC22G7.01c	SPBC29A10.12		
SPAC22G7.02	SPBC29A10.13		
SPAC22G7.03	SPBC29A10.14		
SPAC22G7.04	SPBC29A10.15		
SPAC22G7.05	SPBC29A10.16c		
SPAC22G7.06c	SPBC29A10.17		
SPAC22G7.07c	SPBC29A3.01		
SPAC22G7.08	SPBC29A3.02c		
SPAC22G7.09c	SPBC29A3.03c		
SPAC22G7.10	SPBC29A3.04		
SPAC22G7.11c	SPBC29A3.05		
SPAC22H10.02	SPBC29A3.06		
SPAC22H10.03c	SPBC29A3.07c		
SPAC22H10.04	SPBC29A3.08		
SPAC22H10.05c	SPBC29A3.09c		
SPAC22H10.06c	SPBC29A3.10c		
SPAC22H10.07	SPBC29A3.11c		
SPAC22H10.08	SPBC29A3.12		
SPAC22H10.09	SPBC29A3.13		
SPAC22H10.10	SPBC29A3.14c		
SPAC22H10.11c	SPBC29A3.15c		
SPAC22H10.12c	SPBC29A3.16		
SPAC22H10.13	SPBC29A3.17		
SPAC22H12.01c	SPBC29A3.18		
SPAC22H12.02	SPBC29A3.21		
SPAC22H12.03	SPBC29B5.01		
SPAC22H12.04c	SPBC29B5.02c		
SPAC22H12.05c	SPBC29B5.03c		
SPAC23A1.02c	SPBC29B5.04c		
SPAC23A1.03	SPBC2A9.02		
SPAC23A1.04c	SPBC2A9.03		
SPAC23A1.05	SPBC2A9.04c		
SPAC23A1.06c	SPBC2A9.05c		
SPAC23A1.07	SPBC2A9.06c		
SPAC23A1.08c	SPBC2A9.07c		
SPAC23A1.09	SPBC2A9.08c		
SPAC23A1.10	SPBC2A9.09		
SPAC23A1.11	SPBC2A9.10		
SPAC23A1.12c	SPBC2A9.11c		
SPAC23A1.14c	SPBC2A9.12		
SPAC23A1.15c	SPBC2A9.13		
SPAC23A1.16c	SPBC2A9.14		
SPAC23A1.17	SPBC2D10.03c		
SPAC23A1.18c	SPBC2D10.04		
SPAC23A1.19c	SPBC2D10.05		
SPAC23A1.20	SPBC2D10.06		
SPAC23C11.01	SPBC2D10.07c		
SPAC23C11.02c	SPBC2D10.08c		
SPAC23C11.03	SPBC2D10.09		
SPAC23C11.04c	SPBC2D10.10c		
SPAC23C11.05	SPBC2D10.11c		
SPAC23C11.06c	SPBC2D10.12		
SPAC23C11.07	SPBC2D10.13		
SPAC23C11.08	SPBC2D10.14c		
SPAC23C11.09	SPBC2D10.15c		
SPAC23C11.10	SPBC2D10.16		
SPAC23C11.11	SPBC2D10.17		
SPAC23C11.12	SPBC2D10.18		
SPAC23C11.13c	SPBC2D10.19c		
SPAC23C11.14	SPBC2D10.20		
SPAC23C11.15	SPBC2F12.02c		
SPAC23C11.16	SPBC2F12.03c		
SPAC23C11.17	SPBC2F12.04		
SPAC23C4.02	SPBC2F12.05c		
SPAC23C4.03	SPBC2F12.07c		
SPAC23C4.04c	SPBC2F12.08c		
SPAC23C4.05c	SPBC2F12.09c		
SPAC23C4.06c	SPBC2F12.10		
SPAC23C4.07	SPBC2F12.11c		
SPAC23C4.08	SPBC2F12.12c		
SPAC23C4.09c	SPBC2F12.13		
SPAC23C4.10	SPBC2F12.14c		
SPAC23C4.11	SPBC2F12.15c		
SPAC23C4.12	SPBC2F12.17		
SPAC23C4.13	SPBC2G2.01c		
SPAC23C4.14	SPBC2G2.02		
SPAC23C4.15	SPBC2G2.03c		
SPAC23C4.16c	SPBC2G2.04c		
SPAC23C4.17	SPBC2G2.05		
SPAC23C4.18c	SPBC2G2.06c		
SPAC23C4.19	SPBC2G2.07c		
SPAC23D3.01	SPBC2G2.08		
SPAC23D3.02	SPBC2G2.09c		
SPAC23D3.03c	SPBC2G2.10c		
SPAC23D3.04c	SPBC2G2.11		
SPAC23D3.05c	SPBC2G2.12		
SPAC23D3.06c	SPBC2G2.13c		
SPAC23D3.07	SPBC2G2.14		
SPAC23D3.08	SPBC2G2.15c		
SPAC23D3.09	SPBC2G2.16		
SPAC23D3.10c	SPBC2G2.17c		
SPAC23D3.11	SPBC2G5.01		
SPAC23D3.12	SPBC2G5.02c		
SPAC23D3.13c	SPBC2G5.03		
SPAC23D3.14c	SPBC2G5.04c		
SPAC23D3.16	SPBC2G5.05		
SPAC23D3.17	SPBC2G5.06c		
SPAC23E2.01	SPBC2G5.07c		
SPAC23E2.02	SPBC30B4.01c		
SPAC23E2.03c	SPBC30B4.02c		
SPAC23G3.01	SPBC30B4.03c		
SPAC23G3.02c	SPBC30B4.04c		
SPAC23G3.03	SPBC30B4.05		
SPAC23G3.04	SPBC30B4.06c		
SPAC23G3.05c	SPBC30B4.07c		
SPAC23G3.06	SPBC30B4.08		
SPAC23G3.07c	SPBC30B4.09		
SPAC23G3.08c	SPBC30D10.02		
SPAC23G3.09	SPBC30D10.03c		
SPAC23G3.10c	SPBC30D10.04		
SPAC23G3.11	SPBC30D10.05c		
SPAC23G3.12c	SPBC30D10.06		
SPAC23H3.02c	SPBC30D10.07c		
SPAC23H3.03c	SPBC30D10.08		
SPAC23H3.04	SPBC30D10.09c		
SPAC23H3.05c	SPBC30D10.10c		
SPAC23H3.06	SPBC30D10.11		
SPAC23H3.07c	SPBC30D10.12c		
SPAC23H3.08c	SPBC30D10.13c		
SPAC23H3.09c	SPBC30D10.14		
SPAC23H3.10	SPBC30D10.15		
SPAC23H3.11c	SPBC30D10.16		
SPAC23H3.12c	SPBC30D10.17c		
SPAC23H3.13c	SPBC30D10.18c		
SPAC23H3.14	SPBC30D10.21		
SPAC23H3.15c	SPBC317.01		
SPAC23H4.01c	SPBC31A8.01c		
SPAC23H4.02	SPBC31A8.02		
SPAC23H4.03c	SPBC31E1.01c		
SPAC23H4.04	SPBC31E1.02c		
SPAC23H4.05c	SPBC31E1.03		
SPAC23H4.06	SPBC31E1.04		
SPAC23H4.07c	SPBC31E1.05		
SPAC23H4.08	SPBC31E1.06		
SPAC23H4.09	SPBC31F10.02		
SPAC23H4.10c	SPBC31F10.03		
SPAC23H4.11c	SPBC31F10.04c		
SPAC23H4.12	SPBC31F10.05		
SPAC23H4.13c	SPBC31F10.06c		
SPAC23H4.14	SPBC31F10.07		
SPAC23H4.15	SPBC31F10.08		
SPAC23H4.16c	SPBC31F10.09c		
SPAC23H4.17c	SPBC31F10.10c		
SPAC23H4.18c	SPBC31F10.11c		
SPAC23H4.21	SPBC31F10.12		
SPAC24B11.05	SPBC31F10.13c		
SPAC24B11.06c	SPBC31F10.14c		
SPAC24B11.07c	SPBC31F10.15c		
SPAC24B11.08c	SPBC31F10.16		
SPAC24B11.09	SPBC31F10.17c		
SPAC24B11.10c	SPBC32C12.02		
SPAC24B11.11c	SPBC32C12.03c		
SPAC24B11.12c	SPBC32F12.01c		
SPAC24B11.13	SPBC32F12.02		
SPAC24B11.14	SPBC32F12.03c		
SPAC24C9.02c	SPBC32F12.04		
SPAC24C9.03	SPBC32F12.05c		
SPAC24C9.04	SPBC32F12.06		
SPAC24C9.05c	SPBC32F12.07c		
SPAC24C9.06c	SPBC32F12.08c		
SPAC24C9.07c	SPBC32F12.09		
SPAC24C9.08	SPBC32F12.10		
SPAC24C9.09	SPBC32F12.11		
SPAC24C9.10c	SPBC32F12.12c		
SPAC24C9.11	SPBC32F12.15		
SPAC24C9.12c	SPBC32F12.16		
SPAC24C9.13c	SPBC32H8.01c		
SPAC24C9.14	SPBC32H8.02c		
SPAC24C9.15c	SPBC32H8.03		
SPAC24C9.16c	SPBC32H8.04c		
SPAC24H6.01c	SPBC32H8.05		
SPAC24H6.02c	SPBC32H8.06		
SPAC24H6.03	SPBC32H8.07		
SPAC24H6.04	SPBC32H8.08c		
SPAC24H6.05	SPBC32H8.09		
SPAC24H6.06	SPBC32H8.10		
SPAC24H6.07	SPBC32H8.11		
SPAC24H6.08	SPBC32H8.12c		
SPAC24H6.09	SPBC32H8.13c		
SPAC24H6.10c	SPBC32H8.15		
SPAC24H6.11c	SPBC336.01		
SPAC24H6.12c	SPBC336.02		
SPAC24H6.13	SPBC336.03		
SPAC25A8.01c	SPBC336.04		
SPAC25A8.02	SPBC336.05c		
SPAC25A8.03c	SPBC336.06c		
SPAC25B8.01	SPBC336.07		
SPAC25B8.02	SPBC336.08		
SPAC25B8.03	SPBC336.09c		
SPAC25B8.04c	SPBC336.10c		
SPAC25B8.05	SPBC336.11		
SPAC25B8.06c	SPBC336.12c		
SPAC25B8.07c	SPBC336.13c		
SPAC25B8.08	SPBC336.14c		
SPAC25B8.09	SPBC336.15		
SPAC25B8.10	SPBC336.16		
SPAC25B8.11	SPBC337.02c		
SPAC25B8.12c	SPBC337.03		
SPAC25B8.13c	SPBC337.04		
SPAC25B8.14	SPBC337.05c		
SPAC25B8.15c	SPBC337.06c		
SPAC25B8.16	SPBC337.07c		
SPAC25B8.17	SPBC337.08c		
SPAC25B8.18	SPBC337.09		
SPAC25B8.19c	SPBC337.10c		
SPAC25B8.20	SPBC337.11		
SPAC25G10.01	SPBC337.12		
SPAC25G10.02	SPBC337.13c		
SPAC25G10.03	SPBC337.14		
SPAC25G10.04c	SPBC337.15c		
SPAC25G10.05c	SPBC337.16		
SPAC25G10.06	SPBC342.01c		
SPAC25G10.07c	SPBC342.02		
SPAC25G10.08	SPBC342.03		
SPAC25G10.09c	SPBC342.04		
SPAC25H1.02	SPBC342.05		
SPAC25H1.03	SPBC342.06c		
SPAC25H1.04	SPBC354.01		
SPAC25H1.05	SPBC354.02c		
SPAC25H1.06	SPBC354.03		
SPAC25H1.07	SPBC354.04		
SPAC25H1.08c	SPBC354.05c		
SPAC25H1.09	SPBC354.06		
SPAC25H1.10c	SPBC354.07c		
SPAC26A3.01	SPBC354.08c		
SPAC26A3.02	SPBC354.09c		
SPAC26A3.03c	SPBC354.10		
SPAC26A3.04	SPBC354.12		
SPAC26A3.05	SPBC354.13		
SPAC26A3.06	SPBC354.14c		
SPAC26A3.07c	SPBC354.15		
SPAC26A3.08	SPBC359.01		
SPAC26A3.09c	SPBC359.02		
SPAC26A3.10	SPBC359.03c		
SPAC26A3.11	SPBC359.04c		
SPAC26A3.12c	SPBC359.05		
SPAC26A3.13c	SPBC359.06		
SPAC26A3.14c	SPBC36.01c		
SPAC26A3.15c	SPBC36.02c		
SPAC26A3.16	SPBC36.03c		
SPAC26A3.17c	SPBC36.04		
SPAC26F1.01	SPBC36.05c		
SPAC26F1.02	SPBC36.06c		
SPAC26F1.03	SPBC36.07		
SPAC26F1.04c	SPBC36.08c		
SPAC26F1.05	SPBC36.09		
SPAC26F1.06	SPBC36.10		
SPAC26F1.07	SPBC36.11		
SPAC26F1.08c	SPBC36.12c		
SPAC26F1.09	SPBC365.01		
SPAC26F1.10c	SPBC365.02c		
SPAC26F1.11	SPBC365.03c		
SPAC26F1.12c	SPBC365.04c		
SPAC26F1.13c	SPBC365.05c		
SPAC26F1.14c	SPBC365.06		
SPAC26H5.02c	SPBC365.07c		
SPAC26H5.03	SPBC365.08c		
SPAC26H5.04	SPBC365.09c		
SPAC26H5.05	SPBC365.10		
SPAC26H5.06	SPBC365.11		
SPAC26H5.07c	SPBC365.12c		
SPAC26H5.08c	SPBC365.13c		
SPAC26H5.09c	SPBC365.14c		
SPAC26H5.10c	SPBC365.15		
SPAC26H5.11	SPBC365.16		
SPAC26H5.12	SPBC365.20c		
SPAC26H5.13c	SPBC36B7.02		
SPAC27D7.02c	SPBC36B7.03		
SPAC27D7.03c	SPBC36B7.04		
SPAC27D7.04	SPBC36B7.05c		
SPAC27D7.05c	SPBC36B7.06c		
SPAC27D7.06	SPBC36B7.07		
SPAC27D7.07c	SPBC36B7.08c		
SPAC27D7.08c	SPBC36B7.09		
SPAC27D7.09c	SPBC3B8.01c		
SPAC27D7.11c	SPBC3B8.02		
SPAC27D7.12c	SPBC3B8.03		
SPAC27D7.13c	SPBC3B8.04c		
SPAC27D7.14c	SPBC3B8.05		
SPAC27E2.01	SPBC3B8.06		
SPAC27E2.02	SPBC3B8.07c		
SPAC27E2.03c	SPBC3B8.08		
SPAC27E2.04c	SPBC3B8.09		
SPAC27E2.05	SPBC3B8.10		
SPAC27E2.06c	SPBC3B8.10c		
SPAC27E2.07	SPBC3B8.11		
SPAC27E2.08	SPBC3B9.01		
SPAC27E2.09	SPBC3B9.02c		
SPAC27E2.10c	SPBC3B9.03		
SPAC27E2.11c	SPBC3B9.04		
SPAC27E2.12	SPBC3B9.05		
SPAC27E2.14	SPBC3B9.06c		
SPAC27F1.02c	SPBC3B9.07c		
SPAC27F1.03c	SPBC3B9.08c		
SPAC27F1.04c	SPBC3B9.09		
SPAC27F1.05c	SPBC3B9.10		
SPAC27F1.06c	SPBC3B9.11c		
SPAC27F1.07	SPBC3B9.12		
SPAC27F1.08	SPBC3B9.13c		
SPAC27F1.09c	SPBC3B9.14c		
SPAC27F1.10	SPBC3B9.15c		
SPAC29A4.02c	SPBC3B9.16c		
SPAC29A4.03c	SPBC3B9.17		
SPAC29A4.04c	SPBC3B9.18c		
SPAC29A4.05	SPBC3B9.19		
SPAC29A4.06c	SPBC3B9.21		
SPAC29A4.07	SPBC3B9.22c		
SPAC29A4.08c	SPBC3D6.02		
SPAC29A4.09	SPBC3D6.03c		
SPAC29A4.10	SPBC3D6.04c		
SPAC29A4.11	SPBC3D6.05		
SPAC29A4.12c	SPBC3D6.06c		
SPAC29A4.13	SPBC3D6.07		
SPAC29A4.14c	SPBC3D6.08c		
SPAC29A4.15	SPBC3D6.09		
SPAC29A4.16	SPBC3D6.10		
SPAC29A4.17c	SPBC3D6.11c		
SPAC29A4.18	SPBC3D6.12		
SPAC29A4.19c	SPBC3D6.13c		
SPAC29A4.20	SPBC3D6.15		
SPAC29A4.22	SPBC3D6.16		
SPAC29A4.23	SPBC3E7.01		
SPAC29B12.01	SPBC3E7.02c		
SPAC29B12.02c	SPBC3E7.04c		
SPAC29B12.03	SPBC3E7.05c		
SPAC29B12.04	SPBC3E7.06c		
SPAC29B12.05c	SPBC3E7.07c		
SPAC29B12.06c	SPBC3E7.08c		
SPAC29B12.07	SPBC3E7.09		
SPAC29B12.08	SPBC3E7.10		
SPAC29B12.10c	SPBC3E7.11c		
SPAC29B12.11c	SPBC3E7.12c		
SPAC29B12.12	SPBC3E7.13c		
SPAC29B12.13	SPBC3E7.14		
SPAC29B12.14c	SPBC3E7.15c		
SPAC29E6.01	SPBC3E7.16c		
SPAC29E6.02	SPBC3E7.17		
SPAC29E6.03c	SPBC3F6.01c		
SPAC29E6.04	SPBC3F6.02c		
SPAC29E6.05c	SPBC3F6.03		
SPAC29E6.06c	SPBC3F6.04c		
SPAC29E6.07	SPBC3F6.05		
SPAC29E6.08	SPBC3H7.01		
SPAC29E6.09	SPBC3H7.02		
SPAC29E6.10c	SPBC3H7.03c		
SPAC2C4.03c	SPBC3H7.04		
SPAC2C4.04c	SPBC3H7.05c		
SPAC2C4.05	SPBC3H7.06c		
SPAC2C4.06c	SPBC3H7.07c		
SPAC2C4.07c	SPBC3H7.08c		
SPAC2C4.08	SPBC3H7.09		
SPAC2C4.09	SPBC3H7.10		
SPAC2C4.10c	SPBC3H7.11		
SPAC2C4.11c	SPBC3H7.12		
SPAC2C4.12c	SPBC3H7.13		
SPAC2C4.13	SPBC3H7.14		
SPAC2C4.14c	SPBC3H7.15		
SPAC2C4.15c	SPBC3H7.18		
SPAC2C4.16c	SPBC4.01		
SPAC2C4.17c	SPBC4.02c		
SPAC2E12.02	SPBC4.03c		
SPAC2E12.03c	SPBC4.04c		
SPAC2E12.05	SPBC4.05		
SPAC2E1P3.01	SPBC4.06		
SPAC2E1P3.02c	SPBC4.07c		
SPAC2E1P3.03c	SPBC405.01		
SPAC2E1P3.04	SPBC405.02c		
SPAC2E1P3.05c	SPBC405.03c		
SPAC2E1P5.01c	SPBC405.04c		
SPAC2E1P5.02c	SPBC405.05		
SPAC2E1P5.03	SPBC405.06		
SPAC2E1P5.04c	SPBC405.07		
SPAC2E1P5.05	SPBC409.03		
SPAC2F3.01	SPBC409.04c		
SPAC2F3.02	SPBC409.05		
SPAC2F3.03c	SPBC409.06		
SPAC2F3.04c	SPBC409.07c		
SPAC2F3.05c	SPBC409.08		
SPAC2F3.06c	SPBC409.09c		
SPAC2F3.07c	SPBC409.10		
SPAC2F3.08	SPBC409.11		
SPAC2F3.09	SPBC409.12c		
SPAC2F3.10	SPBC409.13		
SPAC2F3.11	SPBC409.14c		
SPAC2F3.12c	SPBC409.15		
SPAC2F3.13c	SPBC409.16c		
SPAC2F3.14c	SPBC409.17c		
SPAC2F3.15	SPBC409.18		
SPAC2F3.16	SPBC409.19c		
SPAC2F3.17c	SPBC409.20c		
SPAC2F3.18c	SPBC409.21		
SPAC2F7.02c	SPBC409.23		
SPAC2F7.03c	SPBC418.01c		
SPAC2F7.04	SPBC418.02		
SPAC2F7.05c	SPBC428.01c		
SPAC2F7.06c	SPBC428.02c		
SPAC2F7.07c	SPBC428.03c		
SPAC2F7.08c	SPBC428.04		
SPAC2F7.09c	SPBC428.05c		
SPAC2F7.10	SPBC428.06c		
SPAC2F7.11	SPBC428.07		
SPAC2F7.13c	SPBC428.08c		
SPAC2F7.14c	SPBC428.10		
SPAC2F7.15	SPBC428.11		
SPAC2F7.16c	SPBC428.12c		
SPAC2F7.17	SPBC428.13c		
SPAC2G11.02	SPBC428.14		
SPAC2G11.03c	SPBC428.15		
SPAC2G11.04	SPBC428.16c		
SPAC2G11.05c	SPBC428.17c		
SPAC2G11.06	SPBC428.18		
SPAC2G11.07c	SPBC428.19c		
SPAC2G11.08c	SPBC428.20c		
SPAC2G11.09	SPBC460.01c		
SPAC2G11.10c	SPBC460.02c		
SPAC2G11.11c	SPBC460.03		
SPAC2G11.12	SPBC460.04c		
SPAC2G11.13	SPBC460.05		
SPAC2G11.14	SPBC4B4.01c		
SPAC2G11.15c	SPBC4B4.02c		
SPAC2H10.01	SPBC4B4.03		
SPAC2H10.02c	SPBC4B4.04		
SPAC2H10.04	SPBC4B4.05		
SPAC30.01c	SPBC4B4.06		
SPAC30.02c	SPBC4B4.07c		
SPAC30.03c	SPBC4B4.08		
SPAC30.04c	SPBC4B4.09		
SPAC30C2.02	SPBC4B4.10c		
SPAC30C2.03	SPBC4B4.11		
SPAC30C2.04	SPBC4B4.12c		
SPAC30C2.05	SPBC4C3.03		
SPAC30C2.06c	SPBC4C3.04c		
SPAC30C2.07	SPBC4C3.05c		
SPAC30C2.08	SPBC4C3.06		
SPAC30D11.01c	SPBC4C3.07		
SPAC30D11.02c	SPBC4C3.08		
SPAC30D11.03	SPBC4C3.09		
SPAC30D11.04c	SPBC4C3.10c		
SPAC30D11.05	SPBC4C3.12		
SPAC30D11.06c	SPBC4F6.04		
SPAC30D11.07	SPBC4F6.05c		
SPAC30D11.08c	SPBC4F6.06		
SPAC30D11.09	SPBC4F6.07c		
SPAC30D11.10	SPBC4F6.08c		
SPAC30D11.11	SPBC4F6.09		
SPAC30D11.12	SPBC4F6.10		
SPAC30D11.13	SPBC4F6.11c		
SPAC30D11.14c	SPBC4F6.12		
SPAC31A2.02	SPBC4F6.13c		
SPAC31A2.03	SPBC4F6.14		
SPAC31A2.04c	SPBC4F6.15c		
SPAC31A2.05c	SPBC4F6.16c		
SPAC31A2.06	SPBC4F6.17c		
SPAC31A2.07c	SPBC4F6.18c		
SPAC31A2.08	SPBC530.01		
SPAC31A2.09c	SPBC530.02		
SPAC31A2.10	SPBC530.03c		
SPAC31A2.11c	SPBC530.04		
SPAC31A2.12	SPBC530.05		
SPAC31A2.13c	SPBC530.06c		
SPAC31A2.14	SPBC530.07c		
SPAC31A2.15c	SPBC530.08		
SPAC31A2.16	SPBC530.09c		
SPAC31F12.01	SPBC530.10c		
SPAC31G5.01	SPBC530.11c		
SPAC31G5.02	SPBC530.12c		
SPAC31G5.03	SPBC530.13		
SPAC31G5.04	SPBC530.14c		
SPAC31G5.05c	SPBC530.15c		
SPAC31G5.06	SPBC530.16		
SPAC31G5.07	SPBC543.02c		
SPAC31G5.08	SPBC543.03c		
SPAC31G5.09c	SPBC543.04		
SPAC31G5.10	SPBC543.05c		
SPAC31G5.11	SPBC543.06c		
SPAC31G5.12c	SPBC543.07		
SPAC31G5.13	SPBC543.08		
SPAC31G5.14	SPBC543.09		
SPAC31G5.15	SPBC543.10		
SPAC31G5.16c	SPBC557.02c		
SPAC31G5.17c	SPBC557.03c		
SPAC31G5.18c	SPBC557.04		
SPAC31G5.19	SPBC557.05		
SPAC31G5.21	SPBC56F2.01		
SPAC323.01c	SPBC56F2.02		
SPAC323.02c	SPBC56F2.03		
SPAC323.03c	SPBC56F2.04		
SPAC323.04	SPBC56F2.05c		
SPAC323.05c	SPBC56F2.06		
SPAC323.06c	SPBC56F2.07c		
SPAC323.07c	SPBC56F2.08c		
SPAC323.08	SPBC56F2.09c		
SPAC328.01c	SPBC56F2.10c		
SPAC328.02	SPBC56F2.11		
SPAC328.03	SPBC56F2.12		
SPAC328.04	SPBC56F2.14		
SPAC328.05	SPBC56F2.15		
SPAC328.06	SPBC577.02		
SPAC328.07c	SPBC577.03c		
SPAC328.08c	SPBC577.04		
SPAC328.09	SPBC577.05c		
SPAC328.10c	SPBC577.06c		
SPAC32A11.01	SPBC577.07		
SPAC32A11.02c	SPBC577.08c		
SPAC32A11.03c	SPBC577.09		
SPAC32A11.04c	SPBC577.10		
SPAC343.01c	SPBC577.11		
SPAC343.02	SPBC577.12		
SPAC343.03	SPBC577.13		
SPAC343.04c	SPBC577.14c		
SPAC343.05	SPBC577.15c		
SPAC343.06c	SPBC582.03		
SPAC343.07	SPBC582.04c		
SPAC343.08c	SPBC582.05c		
SPAC343.09	SPBC582.06c		
SPAC343.10	SPBC582.07c		
SPAC343.11c	SPBC582.08		
SPAC343.12	SPBC582.09		
SPAC343.13	SPBC582.10c		
SPAC343.14c	SPBC609.01		
SPAC343.15	SPBC609.02		
SPAC343.16	SPBC609.03		
SPAC343.17c	SPBC609.04		
SPAC343.18	SPBC609.05		
SPAC343.19	SPBC646.02		
SPAC343.20	SPBC646.03		
SPAC343.21	SPBC646.04		
SPAC3A11.02	SPBC646.05c		
SPAC3A11.03	SPBC646.06c		
SPAC3A11.04	SPBC646.07c		
SPAC3A11.05c	SPBC646.08c		
SPAC3A11.06	SPBC646.09c		
SPAC3A11.07	SPBC646.10c		
SPAC3A11.08	SPBC646.11		
SPAC3A11.09	SPBC646.12c		
SPAC3A11.10c	SPBC646.13		
SPAC3A11.11c	SPBC646.14c		
SPAC3A11.12c	SPBC646.15c		
SPAC3A11.13	SPBC646.16		
SPAC3A11.14c	SPBC646.17c		
SPAC3A12.02	SPBC649.02		
SPAC3A12.03c	SPBC649.03		
SPAC3A12.04c	SPBC649.04		
SPAC3A12.05c	SPBC649.05		
SPAC3A12.06c	SPBC651.01c		
SPAC3A12.07	SPBC651.02		
SPAC3A12.08	SPBC651.03c		
SPAC3A12.09c	SPBC651.04		
SPAC3A12.10	SPBC651.05c		
SPAC3A12.11c	SPBC651.06		
SPAC3A12.12	SPBC651.07		
SPAC3A12.13c	SPBC651.08c		
SPAC3A12.14	SPBC651.09c		
SPAC3A12.15	SPBC651.10		
SPAC3A12.16c	SPBC651.11c		
SPAC3A12.17c	SPBC651.12c		
SPAC3A12.18	SPBC660.05		
SPAC3A12.19	SPBC660.06		
SPAC3C7.01c	SPBC660.07		
SPAC3C7.02c	SPBC660.08		
SPAC3C7.03c	SPBC660.09		
SPAC3C7.04	SPBC660.10		
SPAC3C7.05c	SPBC660.11		
SPAC3C7.06c	SPBC660.12c		
SPAC3C7.07c	SPBC660.13c		
SPAC3C7.08c	SPBC660.14		
SPAC3C7.09	SPBC660.15		
SPAC3C7.10	SPBC660.16		
SPAC3C7.11c	SPBC660.17c		
SPAC3C7.12	SPBC685.02		
SPAC3C7.13c	SPBC685.03		
SPAC3C7.14c	SPBC685.04c		
SPAC3F10.02c	SPBC685.05		
SPAC3F10.03	SPBC685.06		
SPAC3F10.04	SPBC685.07c		
SPAC3F10.05c	SPBC685.08		
SPAC3F10.06c	SPBC685.09		
SPAC3F10.07c	SPBC691.01		
SPAC3F10.08c	SPBC691.02c		
SPAC3F10.09	SPBC691.03c		
SPAC3F10.10c	SPBC691.04		
SPAC3F10.11c	SPBC691.05c		
SPAC3F10.12c	SPBC6B1.02		
SPAC3F10.13	SPBC6B1.03c		
SPAC3F10.15c	SPBC6B1.04		
SPAC3F10.16c	SPBC6B1.05c		
SPAC3F10.17	SPBC6B1.06c		
SPAC3F10.18c	SPBC6B1.07		
SPAC3F10.19	SPBC6B1.08c		
SPAC3G6.01	SPBC6B1.09c		
SPAC3G6.02	SPBC6B1.10		
SPAC3G6.03c	SPBC6B1.12c		
SPAC3G6.04	SPBC713.02c		
SPAC3G6.05	SPBC713.03		
SPAC3G6.06c	SPBC713.04c		
SPAC3G6.07	SPBC713.05		
SPAC3G6.08	SPBC713.06		
SPAC3G6.09c	SPBC713.07c		
SPAC3G6.10c	SPBC713.08		
SPAC3G6.11	SPBC713.09		
SPAC3G6.13c	SPBC713.10		
SPAC3G9.01	SPBC713.11c		
SPAC3G9.02	SPBC713.12		
SPAC3G9.03	SPBC713.14c		
SPAC3G9.04	SPBC725.01		
SPAC3G9.05	SPBC725.02		
SPAC3G9.06	SPBC725.03		
SPAC3G9.07c	SPBC725.04		
SPAC3G9.08	SPBC725.05c		
SPAC3G9.09c	SPBC725.06c		
SPAC3G9.10c	SPBC725.07		
SPAC3G9.11c	SPBC725.08		
SPAC3G9.12	SPBC725.09c		
SPAC3G9.13c	SPBC725.10		
SPAC3G9.14	SPBC725.11c		
SPAC3G9.15c	SPBC725.12		
SPAC3G9.16c	SPBC725.13c		
SPAC3G9.17	SPBC725.14		
SPAC3H1.01c	SPBC725.15		
SPAC3H1.02c	SPBC725.16		
SPAC3H1.03	SPBC725.17c		
SPAC3H1.04c	SPBC776.01		
SPAC3H1.05	SPBC776.02c		
SPAC3H1.06c	SPBC776.03		
SPAC3H1.07	SPBC776.04		
SPAC3H1.08c	SPBC776.05		
SPAC3H1.09c	SPBC776.06c		
SPAC3H1.10	SPBC776.07		
SPAC3H1.11	SPBC776.08c		
SPAC3H1.12c	SPBC776.09		
SPAC3H1.13	SPBC776.10c		
SPAC3H1.14	SPBC776.11		
SPAC3H5.04	SPBC776.12c		
SPAC3H5.05c	SPBC776.13		
SPAC3H5.06c	SPBC776.14		
SPAC3H5.07	SPBC776.15c		
SPAC3H5.08c	SPBC776.16		
SPAC3H5.09c	SPBC776.17		
SPAC3H5.10	SPBC776.18c		
SPAC3H5.11	SPBC800.02		
SPAC3H5.12c	SPBC800.03		
SPAC3H5.13	SPBC800.04c		
SPAC3H8.02	SPBC800.05c		
SPAC3H8.03	SPBC800.06		
SPAC3H8.04	SPBC800.07c		
SPAC3H8.05c	SPBC800.08		
SPAC3H8.06	SPBC800.09		
SPAC3H8.07c	SPBC800.10c		
SPAC3H8.08c	SPBC800.11		
SPAC3H8.09c	SPBC800.12c		
SPAC3H8.10	SPBC800.13		
SPAC458.02c	SPBC800.14c		
SPAC458.03	SPBC83.01		
SPAC458.04c	SPBC83.02c		
SPAC458.05	SPBC83.03c		
SPAC458.06	SPBC83.04		
SPAC458.07	SPBC83.05		
SPAC4A8.02c	SPBC83.06c		
SPAC4A8.03c	SPBC83.07		
SPAC4A8.04	SPBC83.08		
SPAC4A8.05c	SPBC83.09c		
SPAC4A8.06c	SPBC83.10		
SPAC4A8.07c	SPBC83.11		
SPAC4A8.08c	SPBC83.12		
SPAC4A8.09c	SPBC83.13		
SPAC4A8.10	SPBC83.14c		
SPAC4A8.11c	SPBC83.15		
SPAC4A8.12c	SPBC83.16c		
SPAC4A8.13c	SPBC83.17		
SPAC4A8.14	SPBC83.18c		
SPAC4A8.15c	SPBC83.19c		
SPAC4A8.16c	SPBC839.02		
SPAC4C5.01	SPBC839.03c		
SPAC4C5.02c	SPBC839.04		
SPAC4C5.03	SPBC839.05c		
SPAC4C5.04	SPBC839.06		
SPAC4D7.01c	SPBC839.07		
SPAC4D7.02c	SPBC839.08c		
SPAC4D7.03	SPBC839.09c		
SPAC4D7.04c	SPBC839.10		
SPAC4D7.05	SPBC839.11c		
SPAC4D7.06c	SPBC839.12		
SPAC4D7.07c	SPBC839.13c		
SPAC4D7.08c	SPBC839.14c		
SPAC4D7.09	SPBC839.15c		
SPAC4D7.10c	SPBC839.16		
SPAC4D7.11	SPBC839.17c		
SPAC4D7.12c	SPBC839.19		
SPAC4D7.13	SPBC839.20		
SPAC4D7.14	SPBC887.01		
SPAC4D7.15	SPBC887.02		
SPAC4F10.02	SPBC887.03c		
SPAC4F10.03c	SPBC887.04c		
SPAC4F10.04	SPBC887.05c		
SPAC4F10.05c	SPBC887.06c		
SPAC4F10.06	SPBC887.07		
SPAC4F10.07c	SPBC887.08		
SPAC4F10.08	SPBC887.09c		
SPAC4F10.09c	SPBC887.10		
SPAC4F10.10c	SPBC887.11		
SPAC4F10.11	SPBC887.12		
SPAC4F10.12	SPBC887.13c		
SPAC4F10.13c	SPBC887.14c		
SPAC4F10.14c	SPBC887.15c		
SPAC4F10.15c	SPBC887.16		
SPAC4F10.16c	SPBC887.17		
SPAC4F10.17	SPBC887.18c		
SPAC4F10.18	SPBC887.19		
SPAC4F10.19c	SPBC887.22		
SPAC4F10.20	SPBC8D2.01		
SPAC4F10.22	SPBC8D2.02c		
SPAC4F8.01	SPBC8D2.03c		
SPAC4F8.02c	SPBC8D2.04		
SPAC4F8.03	SPBC8D2.05c		
SPAC4F8.04	SPBC8D2.06		
SPAC4F8.05c	SPBC8D2.07c		
SPAC4F8.06	SPBC8D2.09c		
SPAC4F8.07c	SPBC8D2.10c		
SPAC4F8.08	SPBC8D2.11		
SPAC4F8.10c	SPBC8D2.12c		
SPAC4F8.11	SPBC8D2.13		
SPAC4F8.12c	SPBC8D2.14c		
SPAC4F8.13c	SPBC8D2.15		
SPAC4F8.14c	SPBC8D2.16c		
SPAC4F8.15	SPBC8D2.17		
SPAC4G8.02c	SPBC8D2.18c		
SPAC4G8.03c	SPBC8D2.19		
SPAC4G8.04	SPBC8D2.20c		
SPAC4G8.05	SPBC8D2.23		
SPAC4G8.06c	SPBC8E4.01c		
SPAC4G8.07c	SPBC8E4.03		
SPAC4G8.08	SPBC8E4.04		
SPAC4G8.09	SPBC8E4.05c		
SPAC4G8.10	SPBC8E4.12c		
SPAC4G8.11c	SPBC902.02c		
SPAC4G8.12c	SPBC902.03		
SPAC4G8.13c	SPBC902.04		
SPAC4G9.02	SPBC902.05c		
SPAC4G9.03	SPBC902.06		
SPAC4G9.04c	SPBC947.01		
SPAC4G9.05	SPBC947.02		
SPAC4G9.06c	SPBC947.03c		
SPAC4G9.07	SPBC947.04		
SPAC4G9.08c	SPBC947.05c		
SPAC4G9.09c	SPBC947.06c		
SPAC4G9.10	SPBC947.07		
SPAC4G9.11c	SPBC947.08c		
SPAC4G9.12	SPBC947.09		
SPAC4G9.13c	SPBC947.10		
SPAC4G9.14	SPBC947.11c		
SPAC4G9.15	SPBC947.12		
SPAC4G9.16c	SPBC947.13		
SPAC4G9.17c	SPBC947.14c		
SPAC4G9.19	SPBC947.15c		
SPAC4G9.20c	SPBC9B6.02c		
SPAC4G9.22	SPBC9B6.03		
SPAC4H3.01	SPBC9B6.04c		
SPAC4H3.02c	SPBC9B6.05c		
SPAC4H3.03c	SPBC9B6.06		
SPAC4H3.04c	SPBC9B6.07		
SPAC4H3.05	SPBC9B6.08		
SPAC4H3.06	SPBC9B6.09c		
SPAC4H3.07c	SPBC9B6.10		
SPAC4H3.08	SPBC9B6.11c		
SPAC4H3.09	SPBCPT2R1.01c		
SPAC4H3.10c	SPBCPT2R1.02		
SPAC4H3.11c	SPBCPT2R1.03		
SPAC4H3.13	SPBCPT2R1.04c		
SPAC4H3.14c	SPBCPT2R1.05c		
SPAC4H3.16	SPBCPT2R1.06c		
SPAC4H3.17	SPBCPT2R1.07c		
SPAC513.01c	SPBCPT2R1.08c		
SPAC513.02	SPBCPT2R1.10		
SPAC513.03	SPBP16F5.02		
SPAC513.04	SPBP16F5.03c		
SPAC513.05	SPBP16F5.04		
SPAC513.06c	SPBP16F5.05c		
SPAC513.07	SPBP16F5.06		
SPAC521.02	SPBP16F5.07		
SPAC521.03	SPBP16F5.08c		
SPAC521.04c	SPBP18G5.02		
SPAC521.05	SPBP18G5.03		
SPAC56E4.02c	SPBP19A11.01		
SPAC56E4.03	SPBP19A11.02c		
SPAC56E4.04c	SPBP19A11.03c		
SPAC56E4.05	SPBP19A11.04c		
SPAC56E4.06c	SPBP19A11.06		
SPAC56E4.07	SPBP19A11.07c		
SPAC56F8.02	SPBP22H7.02c		
SPAC56F8.03	SPBP22H7.03		
SPAC56F8.04c	SPBP22H7.04		
SPAC56F8.05c	SPBP22H7.05c		
SPAC56F8.06c	SPBP22H7.06		
SPAC56F8.07	SPBP22H7.07		
SPAC56F8.08	SPBP22H7.08		
SPAC56F8.09	SPBP22H7.09c		
SPAC56F8.10	SPBP23A10.02		
SPAC56F8.11	SPBP23A10.03c		
SPAC56F8.12	SPBP23A10.04		
SPAC56F8.13	SPBP23A10.05		
SPAC56F8.14c	SPBP23A10.06		
SPAC56F8.15	SPBP23A10.07		
SPAC56F8.16	SPBP23A10.08		
SPAC57A10.02	SPBP23A10.09		
SPAC57A10.03	SPBP23A10.10		
SPAC57A10.04	SPBP23A10.11c		
SPAC57A10.05c	SPBP23A10.12		
SPAC57A10.06	SPBP23A10.13		
SPAC57A10.07	SPBP23A10.14c		
SPAC57A10.08c	SPBP23A10.15c		
SPAC57A10.09c	SPBP23A10.16		
SPAC57A10.10c	SPBP23A10.17		
SPAC57A10.11c	SPBP26C9.02c		
SPAC57A10.12c	SPBP26C9.03c		
SPAC57A10.14	SPBP35G2.02		
SPAC57A7.04c	SPBP35G2.03c		
SPAC57A7.05	SPBP35G2.04c		
SPAC57A7.06	SPBP35G2.05c		
SPAC57A7.07c	SPBP35G2.06c		
SPAC57A7.08	SPBP35G2.07		
SPAC57A7.09	SPBP35G2.08c		
SPAC57A7.10c	SPBP35G2.09		
SPAC57A7.11	SPBP35G2.10		
SPAC57A7.12	SPBP35G2.11c		
SPAC57A7.13	SPBP35G2.12		
SPAC57A7.15c	SPBP35G2.13c		
SPAC589.02c	SPBP35G2.14		
SPAC589.03c	SPBP35G2.16c		
SPAC589.04	SPBP35G2.17		
SPAC589.05c	SPBP4G3.02		
SPAC589.06c	SPBP4G3.03		
SPAC589.07c	SPBP4H10.03		
SPAC589.08c	SPBP4H10.04		
SPAC589.09	SPBP4H10.05c		
SPAC589.10c	SPBP4H10.06c		
SPAC589.11	SPBP4H10.07		
SPAC589.12	SPBP4H10.08		
SPAC5D6.01	SPBP4H10.09		
SPAC5D6.02c	SPBP4H10.10		
SPAC5D6.04	SPBP4H10.11c		
SPAC5D6.05	SPBP4H10.12		
SPAC5D6.06c	SPBP4H10.13		
SPAC5D6.07c	SPBP4H10.14c		
SPAC5D6.08c	SPBP4H10.15		
SPAC5D6.09c	SPBP4H10.16c		
SPAC5D6.10c	SPBP4H10.17c		
SPAC5D6.12	SPBP4H10.18c		
SPAC5D6.13	SPBP4H10.19c		
SPAC5H10.01	SPBP4H10.20		
SPAC5H10.02c	SPBP4H10.21c		
SPAC5H10.03	SPBP8B7.01c		
SPAC5H10.04	SPBP8B7.02		
SPAC5H10.05c	SPBP8B7.03c		
SPAC5H10.06c	SPBP8B7.04		
SPAC5H10.07	SPBP8B7.05c		
SPAC5H10.08c	SPBP8B7.06		
SPAC5H10.09c	SPBP8B7.07c		
SPAC5H10.10	SPBP8B7.08c		
SPAC5H10.11	SPBP8B7.09c		
SPAC5H10.12c	SPBP8B7.10c		
SPAC5H10.13c	SPBP8B7.11		
SPAC607.02c	SPBP8B7.12c		
SPAC607.03c	SPBP8B7.13		
SPAC607.04	SPBP8B7.14c		
SPAC607.05	SPBP8B7.15c		
SPAC607.06c	SPBP8B7.16c		
SPAC607.07c	SPBP8B7.17c		
SPAC607.08c	SPBP8B7.18c		
SPAC607.09c	SPBP8B7.19		
SPAC607.10	SPBP8B7.20c		
SPAC630.03	SPBP8B7.21		
SPAC630.04c	SPBP8B7.22		
SPAC630.05	SPBP8B7.23		
SPAC630.06c	SPBP8B7.24c		
SPAC630.07c	SPBP8B7.25		
SPAC630.08c	SPBP8B7.26		
SPAC630.09c	SPBP8B7.27		
SPAC630.10	SPBP8B7.28c		
SPAC630.11	SPBP8B7.29		
SPAC630.12	SPBP8B7.30c		
SPAC630.13c	SPBP8B7.31		
SPAC630.14c	SPBP8B7.32		
SPAC630.15	SPBPB10D8.01		
SPAC631.01c	SPBPB10D8.02c		
SPAC631.02	SPBPB10D8.03		
SPAC637.03	SPBPB10D8.04c		
SPAC637.04	SPBPB10D8.05c		
SPAC637.05c	SPBPB10D8.06c		
SPAC637.06	SPBPB10D8.07c		
SPAC637.07	SPBPB21E7.01c		
SPAC637.08	SPBPB21E7.02c		
SPAC637.09	SPBPB21E7.04c		
SPAC637.10c	SPBPB21E7.05		
SPAC637.11	SPBPB21E7.06		
SPAC637.12c	SPBPB21E7.07		
SPAC637.13c	SPBPB21E7.08		
SPAC644.04	SPBPB21E7.09		
SPAC644.05c	SPBPB21E7.10		
SPAC644.06c	SPBPB21E7.11		
SPAC644.07	SPBPB2B2.01		
SPAC644.08	SPBPB2B2.02		
SPAC644.09	SPBPB2B2.05		
SPAC644.10	SPBPB2B2.06c		
SPAC644.11c	SPBPB2B2.07c		
SPAC644.12	SPBPB2B2.08		
SPAC644.13c	SPBPB2B2.09c		
SPAC644.14c	SPBPB2B2.10c		
SPAC644.15	SPBPB2B2.11		
SPAC644.16	SPBPB2B2.12c		
SPAC644.17c	SPBPB2B2.13		
SPAC644.18c	SPBPB2B2.14c		
SPAC652.01	SPBPB2B2.15		
SPAC664.01c	SPBPB2B2.16c		
SPAC664.02c	SPBPB2B2.17c		
SPAC664.03	SPBPB2B2.18		
SPAC664.04c	SPBPB2B2.19c		
SPAC664.05	SPBPB7E8.01		
SPAC664.06	SPBPB7E8.02		
SPAC664.07c	SPBPB8B6.02c		
SPAC664.08c	SPBPB8B6.03		
SPAC664.09	SPBPB8B6.04c		
SPAC664.10	SPBPB8B6.05c		
SPAC664.11	SPBPB8B6.06c		
SPAC664.12c	SPBPJ4664.01		
SPAC664.13	SPBPJ4664.02		
SPAC664.14	SPBPJ4664.03		
SPAC664.15	SPBPJ4664.04		
SPAC683.02c	SPBPJ4664.05		
SPAC683.03	SPBPJ4664.06		
SPAC688.02c			
SPAC688.03c			
SPAC688.04c			
SPAC688.06c			
SPAC688.07c			
SPAC688.08			
SPAC688.09			
SPAC688.10			
SPAC688.11			
SPAC688.12c			
SPAC688.13			
SPAC688.14			
SPAC688.16			
SPAC694.02			
SPAC694.03			
SPAC694.04c			
SPAC694.05c			
SPAC694.06c			
SPAC6B12.02c			
SPAC6B12.03c			
SPAC6B12.04c			
SPAC6B12.05c			
SPAC6B12.06c			
SPAC6B12.07c			
SPAC6B12.08			
SPAC6B12.09			
SPAC6B12.10c			
SPAC6B12.11			
SPAC6B12.12			
SPAC6B12.13			
SPAC6B12.14c			
SPAC6B12.15			
SPAC6B12.16			
SPAC6B12.18			
SPAC6B12.19			
SPAC6C3.02c			
SPAC6C3.03c			
SPAC6C3.04			
SPAC6C3.05			
SPAC6C3.06c			
SPAC6C3.07			
SPAC6C3.08			
SPAC6C3.09			
SPAC6F12.02			
SPAC6F12.03c			
SPAC6F12.04			
SPAC6F12.05c			
SPAC6F12.06			
SPAC6F12.07			
SPAC6F12.08c			
SPAC6F12.09			
SPAC6F12.10c			
SPAC6F12.11c			
SPAC6F12.12			
SPAC6F12.13c			
SPAC6F12.14			
SPAC6F12.15c			
SPAC6F12.16c			
SPAC6F12.17			
SPAC6F6.01			
SPAC6F6.02c			
SPAC6F6.03c			
SPAC6F6.04c			
SPAC6F6.05			
SPAC6F6.06c			
SPAC6F6.07c			
SPAC6F6.08c			
SPAC6F6.09			
SPAC6F6.10c			
SPAC6F6.11c			
SPAC6F6.12			
SPAC6F6.13c			
SPAC6F6.15			
SPAC6F6.16c			
SPAC6F6.17			
SPAC6F6.19			
SPAC6G10.02c			
SPAC6G10.03c			
SPAC6G10.04c			
SPAC6G10.05c			
SPAC6G10.06			
SPAC6G10.07			
SPAC6G10.08			
SPAC6G10.09			
SPAC6G10.10c			
SPAC6G10.11c			
SPAC6G10.12c			
SPAC6G9.01c			
SPAC6G9.02c			
SPAC6G9.03c			
SPAC6G9.04			
SPAC6G9.05			
SPAC6G9.06c			
SPAC6G9.07c			
SPAC6G9.08			
SPAC6G9.09c			
SPAC6G9.10c			
SPAC6G9.11			
SPAC6G9.12			
SPAC6G9.13c			
SPAC6G9.14			
SPAC6G9.15c			
SPAC6G9.16c			
SPAC732.01			
SPAC732.02c			
SPAC750.01			
SPAC750.02c			
SPAC750.03c			
SPAC750.04c			
SPAC750.05c			
SPAC750.06c			
SPAC750.07c			
SPAC750.08c			
SPAC767.01c			
SPAC7D4.02c			
SPAC7D4.03c			
SPAC7D4.04			
SPAC7D4.05			
SPAC7D4.06c			
SPAC7D4.07c			
SPAC7D4.08			
SPAC7D4.09c			
SPAC7D4.10			
SPAC7D4.11c			
SPAC7D4.12c			
SPAC7D4.13c			
SPAC7D4.14c			
SPAC7D4.15c			
SPAC806.02c			
SPAC806.03c			
SPAC806.04c			
SPAC806.05			
SPAC806.06c			
SPAC806.07			
SPAC806.08c			
SPAC806.11			
SPAC821.03c			
SPAC821.04c			
SPAC821.05			
SPAC821.06			
SPAC821.07c			
SPAC821.08c			
SPAC821.09			
SPAC821.10c			
SPAC821.11			
SPAC821.12			
SPAC821.13c			
SPAC823.03			
SPAC823.04			
SPAC823.05c			
SPAC823.06			
SPAC823.07			
SPAC823.08c			
SPAC823.09c			
SPAC823.10c			
SPAC823.11			
SPAC823.12			
SPAC823.13c			
SPAC823.14			
SPAC823.15			
SPAC823.16c			
SPAC823.17			
SPAC824.02			
SPAC824.03c			
SPAC824.04			
SPAC824.05			
SPAC824.06			
SPAC824.07			
SPAC824.08			
SPAC824.09c			
SPAC869.01			
SPAC869.02c			
SPAC869.03c			
SPAC869.04			
SPAC869.05c			
SPAC869.06c			
SPAC869.07c			
SPAC869.08			
SPAC869.09			
SPAC869.10c			
SPAC869.11			
SPAC890.02c			
SPAC890.03			
SPAC890.04c			
SPAC890.05			
SPAC890.06			
SPAC890.07c			
SPAC890.08			
SPAC8C9.03			
SPAC8C9.04			
SPAC8C9.05			
SPAC8C9.06c			
SPAC8C9.07			
SPAC8C9.08			
SPAC8C9.09c			
SPAC8C9.10c			
SPAC8C9.11			
SPAC8C9.12c			
SPAC8C9.14			
SPAC8C9.15c			
SPAC8C9.16c			
SPAC8C9.17c			
SPAC8C9.19			
SPAC8E11.01c			
SPAC8E11.02c			
SPAC8E11.03c			
SPAC8E11.04c			
SPAC8E11.05c			
SPAC8E11.06			
SPAC8E11.07c			
SPAC8E11.08c			
SPAC8E11.10			
SPAC8E11.12			
SPAC8F11.02c			
SPAC8F11.03			
SPAC8F11.04			
SPAC8F11.05c			
SPAC8F11.06			
SPAC8F11.07c			
SPAC8F11.08c			
SPAC8F11.09c			
SPAC8F11.10c			
SPAC9.02c			
SPAC9.03c			
SPAC9.04			
SPAC9.05			
SPAC9.06c			
SPAC9.07c			
SPAC9.08c			
SPAC9.09			
SPAC9.10			
SPAC9.11			
SPAC9.12c			
SPAC9.13c			
SPAC922.03			
SPAC922.04			
SPAC922.05c			
SPAC922.06			
SPAC922.07c			
SPAC922.09			
SPAC926.02			
SPAC926.03			
SPAC926.04c			
SPAC926.05c			
SPAC926.06c			
SPAC926.07c			
SPAC926.08c			
SPAC926.09c			
SPAC926.10			
SPAC959.02			
SPAC959.03c			
SPAC959.04c			
SPAC959.05c			
SPAC959.06c			
SPAC959.07			
SPAC959.08			
SPAC959.09c			
SPAC959.10			
SPAC959.11			
SPAC977.01			
SPAC977.02			
SPAC977.03			
SPAC977.04			
SPAC977.05c			
SPAC977.06			
SPAC977.07c			
SPAC977.08			
SPAC977.09c			
SPAC977.10			
SPAC977.11			
SPAC977.12			
SPAC977.13c			
SPAC977.14c			
SPAC977.15			
SPAC977.16c			
SPAC977.17			
SPAC977.18			
SPAC9E9.01			
SPAC9E9.02			
SPAC9E9.03			
SPAC9E9.04			
SPAC9E9.05			
SPAC9E9.06c			
SPAC9E9.07c			
SPAC9E9.08			
SPAC9E9.09c			
SPAC9E9.10c			
SPAC9E9.11			
SPAC9E9.12c			
SPAC9E9.13			
SPAC9E9.14			
SPAC9E9.15			
SPAC9E9.17c			
SPAC9G1.02			
SPAC9G1.03c			
SPAC9G1.04			
SPAC9G1.05			
SPAC9G1.06c			
SPAC9G1.07			
SPAC9G1.08c			
SPAC9G1.09			
SPAC9G1.10c			
SPAC9G1.11c			
SPAC9G1.12			
SPAC9G1.13c			
SPAC9G1.14			
SPAC9G1.15c			
SPACUNK12.02c			
SPACUNK4.06c			
SPACUNK4.07c			
SPACUNK4.08			
SPACUNK4.09			
SPACUNK4.10			
SPACUNK4.11c			
SPACUNK4.12c			
SPACUNK4.13c			
SPACUNK4.14			
SPACUNK4.15			
SPACUNK4.16c			
SPACUNK4.17			
SPACUNK4.19			
SPACUNK4.20			
SPAP11E10.01			
SPAP11E10.02c			
SPAP14E8.02			
SPAP14E8.03			
SPAP14E8.04			
SPAP14E8.05c			
SPAP19A11.05c			
SPAP27G11.02			
SPAP27G11.03			
SPAP27G11.04c			
SPAP27G11.05c			
SPAP27G11.06c			
SPAP27G11.07c			
SPAP27G11.08c			
SPAP27G11.09c			
SPAP27G11.10c			
SPAP27G11.11c			
SPAP27G11.12			
SPAP27G11.13c			
SPAP27G11.14c			
SPAP27G11.15			
SPAP27G11.16			
SPAP32A8.02			
SPAP32A8.03c			
SPAP4C9.02			
SPAP7G5.02c			
SPAP7G5.03			
SPAP7G5.04c			
SPAP7G5.05			
SPAP7G5.06			
SPAP8A3.02c			
SPAP8A3.03			
SPAP8A3.04c			
SPAP8A3.05			
SPAP8A3.06			
SPAP8A3.07c			
SPAP8A3.08			
SPAP8A3.09c			
SPAP8A3.10			
SPAP8A3.11c			
SPAP8A3.12c			
SPAP8A3.13c			
SPAP8A3.14c			
SPAPB15E9.01c			
SPAPB15E9.02c			
SPAPB15E9.03c			
SPAPB15E9.06			
SPAPB17E12.02			
SPAPB17E12.03			
SPAPB17E12.04c			
SPAPB17E12.05			
SPAPB17E12.06			
SPAPB17E12.07c			
SPAPB17E12.08			
SPAPB17E12.09			
SPAPB17E12.10c			
SPAPB17E12.11			
SPAPB17E12.12c			
SPAPB17E12.13			
SPAPB17E12.14c			
SPAPB18E9.01			
SPAPB18E9.02c			
SPAPB18E9.04c			
SPAPB18E9.05c			
SPAPB1A10.02			
SPAPB1A10.03			
SPAPB1A10.04c			
SPAPB1A10.05			
SPAPB1A10.06c			
SPAPB1A10.07c			
SPAPB1A10.08			
SPAPB1A10.09			
SPAPB1A10.10c			
SPAPB1A10.11c			
SPAPB1A10.12c			
SPAPB1A10.13			
SPAPB1A10.14			
SPAPB1A10.15			
SPAPB1A10.16			
SPAPB1A11.01			
SPAPB1A11.02			
SPAPB1A11.03			
SPAPB1A11.04c			
SPAPB1A11.06			
SPAPB1E7.01c			
SPAPB1E7.02c			
SPAPB1E7.03			
SPAPB1E7.04c			
SPAPB1E7.05			
SPAPB1E7.06c			
SPAPB1E7.07			
SPAPB1E7.08c			
SPAPB1E7.09			
SPAPB1E7.10			
SPAPB1E7.11c			
SPAPB1E7.12			
SPAPB1E7.14			
SPAPB21F2.02			
SPAPB21F2.03			
SPAPB24D3.01			
SPAPB24D3.02c			
SPAPB24D3.03			
SPAPB24D3.04c			
SPAPB24D3.05c			
SPAPB24D3.06c			
SPAPB24D3.07c			
SPAPB24D3.08c			
SPAPB24D3.09c			
SPAPB24D3.10c			
SPAPB2B4.01c			
SPAPB2B4.02			
SPAPB2B4.03			
SPAPB2B4.04c			
SPAPB2B4.05			
SPAPB2B4.06			
SPAPB2B4.07			
SPAPB2C8.01			
SPAPB8E5.02c			
SPAPB8E5.03			
SPAPB8E5.04c			
SPAPB8E5.05			
SPAPB8E5.06c			
SPAPB8E5.07c			
SPAPB8E5.08			
SPAPB8E5.09			
SPAPB8E5.10			
SPAPJ691.02			
SPAPJ691.03			
SPAPJ695.01c			
SPAPJ695.02			
SPAPJ696.01c			
SPAPJ696.02			
SPAPJ698.02c			
SPAPJ698.03c			
SPAPJ760.02c			
SPAPJ760.03c			
SPAPYUG7.02c			
SPAPYUG7.03c			
SPAPYUG7.04c			
SPAPYUG7.05			
SPAPYUG7.06			
SPAPYUK71.03c			
